postnummer,elområde
10004,SE3
10005,SE3
10012,SE3
10019,SE3
10026,SE3
10028,SE3
10029,SE3
10031,SE3
10040,SE3
10041,SE3
10044,SE3
10052,SE3
10054,SE3
10055,SE3
10061,SE3
10064,SE3
10073,SE3
10074,SE3
10101,SE3
10110,SE3
10120,SE3
10121,SE3
10122,SE3
10123,SE3
10124,SE3
10125,SE3
10126,SE3
10127,SE3
10128,SE3
10129,SE3
10130,SE3
10131,SE3
10132,SE3
10133,SE3
10134,SE3
10135,SE3
10136,SE3
10137,SE3
10138,SE3
10139,SE3
10153,SE3
10154,SE3
10155,SE3
10156,SE3
10158,SE3
10159,SE3
10204,SE3
10214,SE3
10215,SE3
10216,SE3
10217,SE3
10220,SE3
10221,SE3
10222,SE3
10223,SE3
10224,SE3
10225,SE3
10226,SE3
10227,SE3
10228,SE3
10229,SE3
10230,SE3
10231,SE3
10232,SE3
10233,SE3
10234,SE3
10235,SE3
10239,SE3
10240,SE3
10241,SE3
10242,SE3
10243,SE3
10244,SE3
10245,SE3
10246,SE3
10247,SE3
10248,SE3
10249,SE3
10250,SE3
10251,SE3
10252,SE3
10253,SE3
10254,SE3
10260,SE3
10261,SE3
10262,SE3
10263,SE3
10264,SE3
10265,SE3
10266,SE3
10267,SE3
10268,SE3
10269,SE3
10270,SE3
10271,SE3
10272,SE3
10273,SE3
10274,SE3
10301,SE3
10302,SE3
10303,SE3
10310,SE3
10311,SE3
10312,SE3
10313,SE3
10314,SE3
10315,SE3
10316,SE3
10317,SE3
10318,SE3
10320,SE3
10321,SE3
10322,SE3
10323,SE3
10324,SE3
10325,SE3
10327,SE3
10329,SE3
10332,SE3
10333,SE3
10334,SE3
10335,SE3
10336,SE3
10337,SE3
10338,SE3
10339,SE3
10351,SE3
10354,SE3
10355,SE3
10359,SE3
10360,SE3
10361,SE3
10362,SE3
10363,SE3
10364,SE3
10365,SE3
10366,SE3
10367,SE3
10368,SE3
10369,SE3
10370,SE3
10371,SE3
10373,SE3
10374,SE3
10375,SE3
10376,SE3
10377,SE3
10380,SE3
10382,SE3
10383,SE3
10384,SE3
10385,SE3
10386,SE3
10387,SE3
10388,SE3
10389,SE3
10390,SE3
10391,SE3
10392,SE3
10393,SE3
10394,SE3
10395,SE3
10396,SE3
10397,SE3
10398,SE3
10399,SE3
10405,SE3
10420,SE3
10422,SE3
10425,SE3
10430,SE3
10431,SE3
10432,SE3
10435,SE3
10440,SE3
10441,SE3
10450,SE3
10451,SE3
10455,SE3
10460,SE3
10462,SE3
10465,SE3
10500,SE3
10506,SE3
10507,SE3
10509,SE3
10510,SE3
10511,SE3
10512,SE3
10515,SE3
10516,SE3
10517,SE3
10518,SE3
10519,SE3
10520,SE3
10521,SE3
10522,SE3
10523,SE3
10524,SE3
10525,SE3
10526,SE3
10530,SE3
10531,SE3
10532,SE3
10533,SE3
10534,SE3
10535,SE3
10536,SE3
10539,SE3
10540,SE3
10544,SE3
10545,SE3
10546,SE3
10547,SE3
10549,SE3
10550,SE3
10552,SE3
10553,SE3
10560,SE3
10561,SE3
10569,SE3
10570,SE3
10571,SE3
10573,SE3
10578,SE3
10580,SE3
10582,SE3
10583,SE3
10588,SE3
10599,SE3
10600,SE3
10610,SE3
10611,SE3
10612,SE3
10614,SE3
10618,SE3
10620,SE3
10626,SE3
10627,SE3
10630,SE3
10631,SE3
10632,SE3
10635,SE3
10636,SE3
10637,SE3
10638,SE3
10640,SE3
10642,SE3
10644,SE3
10645,SE3
10647,SE3
10648,SE3
10650,SE3
10653,SE3
10654,SE3
10655,SE3
10656,SE3
10657,SE3
10660,SE3
10661,SE3
10663,SE3
10664,SE3
10665,SE3
10666,SE3
10667,SE3
10670,SE3
10675,SE3
10677,SE3
10678,SE3
10680,SE3
10682,SE3
10685,SE3
10688,SE3
10691,SE3
10700,SE3
10722,SE3
10723,SE3
10724,SE3
10725,SE3
10726,SE3
10767,SE3
10768,SE3
10769,SE3
10770,SE3
10772,SE3
10775,SE3
10776,SE3
10777,SE3
10781,SE3
10782,SE3
10785,SE3
10786,SE3
10788,SE3
10790,SE3
10791,SE3
10795,SE3
10796,SE3
10900,SE3
10901,SE3
10902,SE3
10903,SE3
10904,SE3
10905,SE3
10906,SE3
10907,SE3
10908,SE3
10909,SE3
10910,SE3
10911,SE3
10912,SE3
10913,SE3
10914,SE3
10915,SE3
10916,SE3
10917,SE3
10918,SE3
10919,SE3
10920,SE3
10921,SE3
10922,SE3
10923,SE3
10924,SE3
10925,SE3
10926,SE3
10927,SE3
10928,SE3
10929,SE3
10930,SE3
10931,SE3
10932,SE3
10933,SE3
10934,SE3
10935,SE3
10936,SE3
10937,SE3
10938,SE3
10939,SE3
10940,SE3
10941,SE3
10942,SE3
10943,SE3
10944,SE3
10945,SE3
10946,SE3
10947,SE3
10948,SE3
10949,SE3
10950,SE3
10951,SE3
10952,SE3
10953,SE3
10954,SE3
10955,SE3
10956,SE3
10957,SE3
10958,SE3
10959,SE3
10960,SE3
10961,SE3
10962,SE3
10963,SE3
10964,SE3
10965,SE3
10966,SE3
10967,SE3
10968,SE3
10969,SE3
10970,SE3
10971,SE3
10972,SE3
10973,SE3
10974,SE3
10975,SE3
10976,SE3
10977,SE3
10978,SE3
10979,SE3
10980,SE3
10981,SE3
10982,SE3
10983,SE3
10984,SE3
10985,SE3
10986,SE3
10987,SE3
10988,SE3
10989,SE3
10990,SE3
10991,SE3
10992,SE3
10993,SE3
10994,SE3
10995,SE3
10996,SE3
10997,SE3
10998,SE3
10999,SE3
11000,SE3
11001,SE3
11002,SE3
11003,SE3
11004,SE3
11005,SE3
11006,SE3
11007,SE3
11008,SE3
11009,SE3
11010,SE3
11012,SE3
11015,SE3
11016,SE3
11017,SE3
11019,SE3
11022,SE3
11023,SE3
11026,SE3
11027,SE3
11030,SE3
11034,SE3
11043,SE3
11045,SE3
11050,SE3
11052,SE3
11053,SE3
11054,SE3
11055,SE3
11056,SE3
11058,SE3
11060,SE3
11077,SE3
11088,SE3
11090,SE3
11101,SE3
11102,SE3
11115,SE3
11120,SE3
11121,SE3
11122,SE3
11123,SE3
11124,SE3
11127,SE3
11128,SE3
11129,SE3
11130,SE3
11131,SE3
11134,SE3
11135,SE3
11136,SE3
11137,SE3
11138,SE3
11139,SE3
11140,SE3
11143,SE3
11144,SE3
11145,SE3
11146,SE3
11147,SE3
11148,SE3
11149,SE3
11151,SE3
11152,SE3
11153,SE3
11156,SE3
11157,SE3
11160,SE3
11161,SE3
11164,SE3
11173,SE3
11174,SE3
11175,SE3
11176,SE3
11177,SE3
11181,SE3
11182,SE3
11183,SE3
11184,SE3
11186,SE3
11187,SE3
11191,SE3
11193,SE3
11196,SE3
11201,SE3
11202,SE3
11214,SE3
11215,SE3
11216,SE3
11217,SE3
11218,SE3
11219,SE3
11220,SE3
11221,SE3
11222,SE3
11223,SE3
11224,SE3
11225,SE3
11226,SE3
11227,SE3
11228,SE3
11229,SE3
11230,SE3
11231,SE3
11232,SE3
11233,SE3
11234,SE3
11235,SE3
11236,SE3
11237,SE3
11238,SE3
11239,SE3
11240,SE3
11241,SE3
11242,SE3
11243,SE3
11244,SE3
11245,SE3
11246,SE3
11247,SE3
11248,SE3
11249,SE3
11250,SE3
11251,SE3
11252,SE3
11253,SE3
11254,SE3
11255,SE3
11256,SE3
11257,SE3
11258,SE3
11259,SE3
11260,SE3
11261,SE3
11262,SE3
11263,SE3
11264,SE3
11265,SE3
11266,SE3
11267,SE3
11269,SE3
11273,SE3
11274,SE3
11275,SE3
11276,SE3
11277,SE3
11278,SE3
11279,SE3
11280,SE3
11281,SE3
11282,SE3
11284,SE3
11287,SE3
11288,SE3
11289,SE3
11292,SE3
11293,SE3
11294,SE3
11296,SE3
11297,SE3
11298,SE3
11301,SE3
11320,SE3
11321,SE3
11322,SE3
11323,SE3
11324,SE3
11325,SE3
11326,SE3
11327,SE3
11328,SE3
11329,SE3
11330,SE3
11331,SE3
11332,SE3
11333,SE3
11334,SE3
11335,SE3
11336,SE3
11337,SE3
11338,SE3
11339,SE3
11340,SE3
11341,SE3
11342,SE3
11343,SE3
11344,SE3
11345,SE3
11346,SE3
11347,SE3
11348,SE3
11349,SE3
11350,SE3
11351,SE3
11352,SE3
11353,SE3
11354,SE3
11355,SE3
11356,SE3
11357,SE3
11358,SE3
11359,SE3
11360,SE3
11361,SE3
11362,SE3
11363,SE3
11364,SE3
11365,SE3
11366,SE3
11367,SE3
11368,SE3
11369,SE3
11376,SE3
11379,SE3
11380,SE3
11381,SE3
11382,SE3
11383,SE3
11384,SE3
11385,SE3
11386,SE3
11387,SE3
11388,SE3
11389,SE3
11390,SE3
11393,SE3
11394,SE3
11396,SE3
11397,SE3
11398,SE3
11399,SE3
11401,SE3
11402,SE3
11411,SE3
11415,SE3
11416,SE3
11417,SE3
11418,SE3
11419,SE3
11420,SE3
11421,SE3
11422,SE3
11423,SE3
11424,SE3
11425,SE3
11426,SE3
11427,SE3
11428,SE3
11429,SE3
11430,SE3
11431,SE3
11432,SE3
11433,SE3
11434,SE3
11435,SE3
11436,SE3
11437,SE3
11438,SE3
11439,SE3
11440,SE3
11441,SE3
11442,SE3
11443,SE3
11444,SE3
11445,SE3
11446,SE3
11447,SE3
11448,SE3
11449,SE3
11450,SE3
11451,SE3
11452,SE3
11453,SE3
11454,SE3
11455,SE3
11456,SE3
11457,SE3
11458,SE3
11459,SE3
11460,SE3
11473,SE3
11476,SE3
11478,SE3
11479,SE3
11480,SE3
11482,SE3
11483,SE3
11484,SE3
11485,SE3
11486,SE3
11487,SE3
11488,SE3
11489,SE3
11490,SE3
11494,SE3
11495,SE3
11497,SE3
11499,SE3
11501,SE3
11502,SE3
11520,SE3
11521,SE3
11522,SE3
11523,SE3
11524,SE3
11525,SE3
11526,SE3
11527,SE3
11528,SE3
11529,SE3
11530,SE3
11531,SE3
11532,SE3
11533,SE3
11534,SE3
11535,SE3
11536,SE3
11537,SE3
11538,SE3
11539,SE3
11540,SE3
11541,SE3
11542,SE3
11543,SE3
11544,SE3
11545,SE3
11546,SE3
11547,SE3
11548,SE3
11549,SE3
11550,SE3
11551,SE3
11553,SE3
11556,SE3
11557,SE3
11558,SE3
11559,SE3
11560,SE3
11571,SE3
11573,SE3
11576,SE3
11577,SE3
11578,SE3
11579,SE3
11580,SE3
11582,SE3
11583,SE3
11584,SE3
11587,SE3
11588,SE3
11589,SE3
11591,SE3
11593,SE3
11594,SE3
11596,SE3
11597,SE3
11599,SE3
11601,SE3
11618,SE3
11620,SE3
11621,SE3
11622,SE3
11623,SE3
11624,SE3
11625,SE3
11628,SE3
11629,SE3
11630,SE3
11631,SE3
11632,SE3
11633,SE3
11634,SE3
11635,SE3
11636,SE3
11637,SE3
11638,SE3
11639,SE3
11640,SE3
11641,SE3
11642,SE3
11643,SE3
11644,SE3
11645,SE3
11646,SE3
11647,SE3
11648,SE3
11661,SE3
11662,SE3
11663,SE3
11664,SE3
11665,SE3
11666,SE3
11667,SE3
11668,SE3
11674,SE3
11681,SE3
11685,SE3
11688,SE3
11691,SE3
11692,SE3
11694,SE3
11701,SE3
11705,SE3
11718,SE3
11726,SE3
11727,SE3
11728,SE3
11729,SE3
11730,SE3
11731,SE3
11732,SE3
11733,SE3
11734,SE3
11735,SE3
11736,SE3
11737,SE3
11738,SE3
11739,SE3
11740,SE3
11741,SE3
11743,SE3
11750,SE3
11754,SE3
11755,SE3
11756,SE3
11757,SE3
11758,SE3
11759,SE3
11760,SE3
11761,SE3
11762,SE3
11763,SE3
11764,SE3
11765,SE3
11766,SE3
11767,SE3
11768,SE3
11769,SE3
11770,SE3
11771,SE3
11775,SE3
11780,SE3
11783,SE3
11785,SE3
11788,SE3
11790,SE3
11791,SE3
11794,SE3
11797,SE3
11798,SE3
11799,SE3
11801,SE3
11805,SE3
11818,SE3
11820,SE3
11821,SE3
11822,SE3
11823,SE3
11824,SE3
11825,SE3
11826,SE3
11827,SE3
11828,SE3
11829,SE3
11830,SE3
11842,SE3
11846,SE3
11847,SE3
11848,SE3
11849,SE3
11850,SE3
11851,SE3
11852,SE3
11853,SE3
11854,SE3
11855,SE3
11856,SE3
11857,SE3
11858,SE3
11859,SE3
11860,SE3
11861,SE3
11862,SE3
11863,SE3
11864,SE3
11865,SE3
11866,SE3
11867,SE3
11869,SE3
11872,SE3
11880,SE3
11881,SE3
11882,SE3
11883,SE3
11885,SE3
11886,SE3
11888,SE3
11889,SE3
11890,SE3
11891,SE3
11892,SE3
11893,SE3
11894,SE3
11895,SE3
12000,SE3
12001,SE3
12002,SE3
12003,SE3
12004,SE3
12005,SE3
12006,SE3
12007,SE3
12008,SE3
12009,SE3
12010,SE3
12011,SE3
12012,SE3
12020,SE3
12021,SE3
12022,SE3
12023,SE3
12024,SE3
12025,SE3
12030,SE3
12031,SE3
12032,SE3
12038,SE3
12039,SE3
12040,SE3
12044,SE3
12047,SE3
12048,SE3
12050,SE3
12051,SE3
12052,SE3
12053,SE3
12054,SE3
12055,SE3
12056,SE3
12057,SE3
12058,SE3
12059,SE3
12060,SE3
12061,SE3
12062,SE3
12063,SE3
12064,SE3
12065,SE3
12066,SE3
12067,SE3
12068,SE3
12069,SE3
12070,SE3
12071,SE3
12078,SE3
12079,SE3
12082,SE3
12083,SE3
12086,SE3
12087,SE3
12088,SE3
12090,SE3
12100,SE3
12105,SE3
12106,SE3
12107,SE3
12114,SE3
12115,SE3
12116,SE3
12117,SE3
12118,SE3
12120,SE3
12121,SE3
12122,SE3
12123,SE3
12125,SE3
12126,SE3
12127,SE3
12128,SE3
12129,SE3
12130,SE3
12131,SE3
12132,SE3
12133,SE3
12134,SE3
12135,SE3
12136,SE3
12137,SE3
12138,SE3
12139,SE3
12140,SE3
12143,SE3
12144,SE3
12145,SE3
12146,SE3
12147,SE3
12148,SE3
12149,SE3
12150,SE3
12151,SE3
12152,SE3
12153,SE3
12154,SE3
12155,SE3
12156,SE3
12162,SE3
12163,SE3
12177,SE3
12187,SE3
12188,SE3
12200,SE3
12203,SE3
12206,SE3
12220,SE3
12231,SE3
12232,SE3
12233,SE3
12234,SE3
12237,SE3
12238,SE3
12239,SE3
12240,SE3
12241,SE3
12242,SE3
12243,SE3
12244,SE3
12245,SE3
12246,SE3
12247,SE3
12248,SE3
12249,SE3
12260,SE3
12262,SE3
12263,SE3
12264,SE3
12265,SE3
12266,SE3
12286,SE3
12288,SE3
12300,SE3
12305,SE3
12320,SE3
12321,SE3
12322,SE3
12323,SE3
12331,SE3
12332,SE3
12333,SE3
12334,SE3
12340,SE3
12341,SE3
12342,SE3
12343,SE3
12344,SE3
12346,SE3
12347,SE3
12348,SE3
12349,SE3
12350,SE3
12352,SE3
12353,SE3
12354,SE3
12355,SE3
12356,SE3
12357,SE3
12358,SE3
12359,SE3
12360,SE3
12361,SE3
12363,SE3
12371,SE3
12372,SE3
12373,SE3
12386,SE3
12400,SE3
12404,SE3
12420,SE3
12421,SE3
12422,SE3
12430,SE3
12431,SE3
12432,SE3
12433,SE3
12450,SE3
12451,SE3
12452,SE3
12453,SE3
12454,SE3
12455,SE3
12456,SE3
12457,SE3
12458,SE3
12459,SE3
12460,SE3
12461,SE3
12462,SE3
12463,SE3
12464,SE3
12465,SE3
12466,SE3
12467,SE3
12470,SE3
12471,SE3
12472,SE3
12473,SE3
12474,SE3
12475,SE3
12476,SE3
12502,SE3
12503,SE3
12505,SE3
12520,SE3
12521,SE3
12522,SE3
12523,SE3
12524,SE3
12530,SE3
12531,SE3
12532,SE3
12533,SE3
12534,SE3
12535,SE3
12540,SE3
12541,SE3
12542,SE3
12543,SE3
12544,SE3
12545,SE3
12546,SE3
12547,SE3
12548,SE3
12551,SE3
12552,SE3
12553,SE3
12554,SE3
12555,SE3
12556,SE3
12557,SE3
12558,SE3
12559,SE3
12560,SE3
12570,SE3
12571,SE3
12572,SE3
12573,SE3
12574,SE3
12580,SE3
12581,SE3
12582,SE3
12586,SE3
12600,SE3
12608,SE3
12609,SE3
12611,SE3
12612,SE3
12613,SE3
12614,SE3
12615,SE3
12616,SE3
12617,SE3
12620,SE3
12625,SE3
12626,SE3
12627,SE3
12628,SE3
12629,SE3
12630,SE3
12631,SE3
12632,SE3
12633,SE3
12634,SE3
12635,SE3
12636,SE3
12637,SE3
12638,SE3
12639,SE3
12640,SE3
12641,SE3
12642,SE3
12647,SE3
12648,SE3
12649,SE3
12650,SE3
12651,SE3
12652,SE3
12653,SE3
12654,SE3
12655,SE3
12677,SE3
12678,SE3
12679,SE3
12680,SE3
12681,SE3
12686,SE3
12688,SE3
12700,SE3
12702,SE3
12720,SE3
12722,SE3
12723,SE3
12724,SE3
12725,SE3
12726,SE3
12729,SE3
12730,SE3
12731,SE3
12732,SE3
12733,SE3
12734,SE3
12735,SE3
12736,SE3
12737,SE3
12738,SE3
12739,SE3
12740,SE3
12741,SE3
12742,SE3
12743,SE3
12744,SE3
12745,SE3
12746,SE3
12747,SE3
12748,SE3
12749,SE3
12751,SE3
12760,SE3
12761,SE3
12784,SE3
12785,SE3
12800,SE3
12804,SE3
12805,SE3
12806,SE3
12807,SE3
12820,SE3
12821,SE3
12822,SE3
12823,SE3
12830,SE3
12831,SE3
12832,SE3
12833,SE3
12834,SE3
12835,SE3
12836,SE3
12838,SE3
12839,SE3
12841,SE3
12842,SE3
12843,SE3
12844,SE3
12845,SE3
12846,SE3
12847,SE3
12848,SE3
12862,SE3
12863,SE3
12864,SE3
12865,SE3
12866,SE3
12867,SE3
12868,SE3
12869,SE3
12885,SE3
12900,SE3
12904,SE3
12906,SE3
12907,SE3
12920,SE3
12921,SE3
12922,SE3
12923,SE3
12930,SE3
12931,SE3
12932,SE3
12933,SE3
12934,SE3
12935,SE3
12936,SE3
12937,SE3
12938,SE3
12939,SE3
12940,SE3
12941,SE3
12942,SE3
12943,SE3
12944,SE3
12945,SE3
12946,SE3
12947,SE3
12948,SE3
12949,SE3
12950,SE3
12951,SE3
12952,SE3
12953,SE3
12954,SE3
12955,SE3
12956,SE3
12957,SE3
13025,Unknown
13033,Unknown
13034,Unknown
13036,Unknown
13038,Unknown
13039,Unknown
13041,Unknown
13042,Unknown
13043,Unknown
13044,Unknown
13045,Unknown
13055,Unknown
13056,Unknown
13061,Unknown
13100,SE3
13102,SE3
13104,SE3
13105,SE3
13106,SE3
13107,SE3
13108,SE3
13120,SE3
13121,SE3
13122,SE3
13124,SE3
13125,SE3
13126,SE3
13127,SE3
13128,SE3
13130,SE3
13131,SE3
13132,SE3
13133,SE3
13134,SE3
13135,SE3
13136,SE3
13137,SE3
13138,SE3
13139,SE3
13140,SE3
13141,SE3
13142,SE3
13144,SE3
13145,SE3
13146,SE3
13147,SE3
13148,SE3
13149,SE3
13150,SE3
13151,SE3
13152,SE3
13153,SE3
13154,SE3
13155,SE3
13156,SE3
13157,SE3
13160,SE3
13161,SE3
13165,SE3
13171,SE3
13172,SE3
13173,SE3
13174,SE3
13175,SE3
13181,SE3
13183,SE3
13185,SE3
13188,SE3
13191,SE3
13192,SE3
13200,SE3
13202,SE3
13204,SE3
13220,SE3
13221,SE3
13222,SE3
13223,SE3
13225,SE3
13226,SE3
13230,SE3
13231,SE3
13232,SE3
13233,SE3
13234,SE3
13235,SE3
13236,SE3
13237,SE3
13238,SE3
13239,SE3
13240,SE3
13241,SE3
13242,SE3
13243,SE3
13244,SE3
13245,SE3
13246,SE3
13247,SE3
13248,SE3
13249,SE3
13251,SE3
13252,SE3
13253,SE3
13281,SE3
13282,SE3
13300,SE3
13302,SE3
13304,SE3
13320,SE3
13321,SE3
13322,SE3
13331,SE3
13332,SE3
13333,SE3
13334,SE3
13335,SE3
13336,SE3
13337,SE3
13338,SE3
13339,SE3
13341,SE3
13342,SE3
13343,SE3
13344,SE3
13348,SE3
13349,SE3
13380,SE3
13381,SE3
13383,SE3
13400,SE3
13401,SE3
13406,SE3
13407,SE3
13408,SE3
13420,SE3
13421,SE3
13422,SE3
13423,SE3
13427,SE3
13429,SE3
13430,SE3
13431,SE3
13432,SE3
13433,SE3
13434,SE3
13435,SE3
13436,SE3
13437,SE3
13438,SE3
13439,SE3
13440,SE3
13441,SE3
13442,SE3
13443,SE3
13444,SE3
13450,SE3
13451,SE3
13452,SE3
13453,SE3
13460,SE3
13461,SE3
13462,SE3
13463,SE3
13464,SE3
13465,SE3
13466,SE3
13467,SE3
13469,SE3
13481,SE3
13482,SE3
13492,SE3
13500,SE3
13501,SE3
13502,SE3
13517,SE3
13520,SE3
13521,SE3
13522,SE3
13523,SE3
13525,SE3
13526,SE3
13527,SE3
13528,SE3
13529,SE3
13530,SE3
13531,SE3
13533,SE3
13534,SE3
13535,SE3
13536,SE3
13537,SE3
13538,SE3
13539,SE3
13540,SE3
13541,SE3
13542,SE3
13543,SE3
13544,SE3
13545,SE3
13546,SE3
13547,SE3
13548,SE3
13549,SE3
13550,SE3
13551,SE3
13552,SE3
13553,SE3
13554,SE3
13555,SE3
13558,SE3
13559,SE3
13560,SE3
13561,SE3
13562,SE3
13563,SE3
13567,SE3
13568,SE3
13569,SE3
13570,SE3
13581,SE3
13582,SE3
13600,SE3
13602,SE3
13603,SE3
13612,SE3
13618,SE3
13620,SE3
13621,SE3
13622,SE3
13623,SE3
13625,SE3
13626,SE3
13635,SE3
13636,SE3
13637,SE3
13638,SE3
13639,SE3
13640,SE3
13641,SE3
13642,SE3
13643,SE3
13644,SE3
13645,SE3
13646,SE3
13647,SE3
13648,SE3
13649,SE3
13650,SE3
13655,SE3
13656,SE3
13657,SE3
13658,SE3
13659,SE3
13660,SE3
13661,SE3
13662,SE3
13663,SE3
13664,SE3
13665,SE3
13666,SE3
13667,SE3
13668,SE3
13669,SE3
13670,SE3
13671,SE3
13672,SE3
13673,SE3
13674,SE3
13675,SE3
13681,SE3
13683,SE3
13687,SE3
13689,SE3
13700,SE3
13701,SE3
13702,SE3
13720,SE3
13721,SE3
13722,SE3
13723,SE3
13725,Unknown
13731,SE3
13732,SE3
13734,SE3
13736,SE3
13737,SE3
13738,SE3
13739,SE3
13740,SE3
13741,SE3
13742,SE3
13743,SE3
13754,SE3
13755,SE3
13756,SE3
13757,SE3
13758,SE3
13761,SE3
13762,SE3
13763,SE3
13764,SE3
13765,SE3
13766,SE3
13767,SE3
13768,SE3
13769,SE3
13770,Unknown
13771,Unknown
13791,SE3
13792,SE3
13793,SE3
13794,SE3
13795,SE3
13796,SE3
13797,SE3
13821,SE3
13822,SE3
13830,SE3
13831,SE3
13832,SE3
13833,SE3
13834,SE3
13835,SE3
13836,SE3
13837,SE3
13839,SE3
13840,SE3
13901,SE3
13902,Unknown
13903,Unknown
13921,SE3
13922,SE3
13923,SE3
13930,SE3
13931,SE3
13932,SE3
13933,SE3
13934,SE3
13935,SE3
13936,SE3
13940,SE3
13941,SE3
13950,SE3
13951,SE3
13952,SE3
13953,SE3
13954,SE3
13955,SE3
13956,SE3
13960,SE3
13970,Unknown
13971,Unknown
13972,Unknown
13973,Unknown
13974,Unknown
13975,Unknown
13990,SE3
14100,SE3
14102,SE3
14104,SE3
14105,SE3
14106,SE3
14107,SE3
14108,SE3
14109,SE3
14116,SE3
14117,SE3
14118,SE3
14119,SE3
14120,SE3
14121,SE3
14122,SE3
14123,SE3
14124,SE3
14125,SE3
14126,SE3
14127,SE3
14128,SE3
14130,SE3
14131,SE3
14132,SE3
14133,SE3
14134,SE3
14135,SE3
14136,SE3
14137,SE3
14138,SE3
14139,SE3
14140,SE3
14141,SE3
14142,SE3
14143,SE3
14144,SE3
14145,SE3
14146,SE3
14147,SE3
14148,SE3
14149,SE3
14150,SE3
14151,SE3
14152,SE3
14153,SE3
14154,SE3
14155,SE3
14156,SE3
14157,SE3
14158,SE3
14159,SE3
14160,SE3
14161,SE3
14162,SE3
14163,SE3
14168,SE3
14169,SE3
14170,SE3
14171,SE3
14172,SE3
14173,SE3
14174,SE3
14175,SE3
14181,SE3
14182,SE3
14183,SE3
14184,SE3
14185,SE3
14186,SE3
14187,SE3
14188,SE3
14189,SE3
14191,SE3
14192,SE3
14199,SE3
14200,SE3
14202,SE3
14220,SE3
14221,SE3
14222,SE3
14230,SE3
14231,SE3
14232,SE3
14233,SE3
14234,SE3
14235,SE3
14240,SE3
14241,SE3
14242,SE3
14243,SE3
14250,SE3
14251,SE3
14252,SE3
14253,SE3
14260,SE3
14261,SE3
14262,SE3
14263,SE3
14264,SE3
14265,SE3
14266,SE3
14291,SE3
14300,SE3
14301,SE3
14303,SE3
14330,SE3
14331,SE3
14332,SE3
14340,SE3
14341,SE3
14342,SE3
14343,SE3
14344,SE3
14345,SE3
14346,SE3
14347,SE3
14400,SE3
14402,SE3
14420,SE3
14421,SE3
14430,SE3
14431,SE3
14432,SE3
14433,SE3
14437,SE3
14440,SE3
14442,SE3
14444,SE3
14451,SE3
14452,SE3
14461,SE3
14462,SE3
14463,SE3
14464,SE3
14480,SE3
14500,SE3
14501,SE3
14502,SE3
14503,SE3
14504,SE3
14505,SE3
14520,SE3
14550,SE3
14551,SE3
14552,SE3
14553,SE3
14556,SE3
14557,SE3
14558,SE3
14559,SE3
14560,SE3
14563,SE3
14564,SE3
14565,SE3
14567,SE3
14568,SE3
14569,SE3
14570,SE3
14571,SE3
14572,SE3
14573,SE3
14574,SE3
14575,SE3
14576,SE3
14581,SE3
14583,SE3
14584,SE3
14588,SE3
14590,SE3
14600,SE3
14620,SE3
14621,SE3
14622,SE3
14630,SE3
14631,SE3
14632,SE3
14633,SE3
14634,SE3
14636,SE3
14637,SE3
14638,SE3
14640,SE3
14641,SE3
14645,SE3
14646,SE3
14648,SE3
14649,SE3
14650,SE3
14652,SE3
14653,SE3
14654,SE3
14680,SE3
14700,SE3
14701,SE3
14707,SE3
14720,SE3
14721,SE3
14722,SE3
14723,SE3
14730,SE3
14731,SE3
14732,SE3
14733,SE3
14734,SE3
14739,SE3
14740,SE3
14741,SE3
14742,SE3
14743,SE3
14744,SE3
14745,SE3
14746,SE3
14750,SE3
14751,SE3
14752,SE3
14753,SE3
14754,SE3
14755,SE3
14760,SE3
14761,SE3
14762,SE3
14763,SE3
14770,SE3
14771,SE3
14780,SE3
14782,SE3
14785,SE3
14791,SE3
14792,SE3
14800,SE3
14802,SE3
14821,SE3
14822,SE3
14830,SE3
14831,SE3
14832,SE3
14833,SE3
14834,SE3
14835,SE3
14840,SE3
14860,SE3
14870,SE3
14871,SE3
14880,Unknown
14891,SE3
14892,SE3
14893,SE3
14895,Unknown
14896,SE3
14897,SE3
14900,Unknown
14920,Unknown
14921,Unknown
14922,Unknown
14923,Unknown
14925,Unknown
14930,Unknown
14931,Unknown
14932,Unknown
14933,Unknown
14934,Unknown
14935,Unknown
14940,Unknown
14941,Unknown
14942,Unknown
14943,Unknown
14945,Unknown
14950,Unknown
14951,Unknown
14980,Unknown
14981,Unknown
14982,Unknown
14991,Unknown
14992,Unknown
14995,Unknown
15100,SE3
15101,SE3
15102,SE3
15103,SE3
15105,SE3
15107,SE3
15108,SE3
15113,SE3
15120,SE3
15121,SE3
15122,SE3
15123,SE3
15124,SE3
15127,SE3
15128,SE3
15129,SE3
15132,SE3
15133,SE3
15134,SE3
15135,SE3
15136,SE3
15137,SE3
15138,SE3
15139,SE3
15140,SE3
15144,SE3
15145,SE3
15146,SE3
15147,SE3
15148,SE3
15150,SE3
15151,SE3
15152,SE3
15153,SE3
15154,SE3
15155,SE3
15156,SE3
15157,SE3
15159,SE3
15160,SE3
15161,SE3
15162,SE3
15163,SE3
15164,SE3
15165,SE3
15166,SE3
15167,SE3
15168,SE3
15171,SE3
15172,SE3
15173,SE3
15181,SE3
15182,SE3
15183,SE3
15185,SE3
15187,SE3
15188,SE3
15189,SE3
15196,SE3
15200,SE3
15220,SE3
15225,SE3
15226,SE3
15227,SE3
15228,SE3
15230,SE3
15231,SE3
15240,SE3
15241,SE3
15242,SE3
15243,SE3
15244,SE3
15248,SE3
15249,SE3
15250,SE3
15251,SE3
15252,SE3
15254,SE3
15256,SE3
15257,SE3
15258,SE3
15259,SE3
15270,SE3
15271,SE3
15286,SE3
15295,SE3
15297,SE3
15300,SE3
15307,SE3
15320,SE3
15321,SE3
15322,SE3
15330,SE3
15331,SE3
15332,SE3
15335,SE3
15336,SE3
15337,SE3
15338,SE3
15360,SE3
15371,SE3
15381,SE3
15391,SE3
15392,SE3
15393,SE3
15394,SE3
15395,SE3
15396,SE3
15521,SE3
15530,SE3
15531,SE3
15532,SE3
15533,SE3
15534,SE3
15535,SE3
15580,SE3
15581,SE3
15591,SE3
15592,SE3
15593,SE3
15594,SE3
16100,SE3
16102,SE3
16103,SE3
16105,SE3
16111,SE3
16124,SE3
16125,SE3
16126,SE3
16186,SE3
16189,SE3
16200,SE3
16206,SE3
16211,SE3
16212,SE3
16213,SE3
16215,SE3
16216,SE3
16220,SE3
16243,SE3
16244,SE3
16245,SE3
16246,SE3
16247,SE3
16250,SE3
16252,SE3
16253,SE3
16254,SE3
16255,SE3
16256,SE3
16257,SE3
16258,SE3
16260,SE3
16261,SE3
16262,SE3
16263,SE3
16264,SE3
16265,SE3
16266,SE3
16267,SE3
16268,SE3
16270,SE3
16271,SE3
16272,SE3
16273,SE3
16274,SE3
16283,SE3
16287,SE3
16288,SE3
16289,SE3
16300,SE3
16303,SE3
16304,SE3
16305,SE3
16308,SE3
16310,SE3
16319,SE3
16320,SE3
16340,SE3
16341,SE3
16342,SE3
16343,SE3
16344,SE3
16345,SE3
16346,SE3
16347,SE3
16350,SE3
16351,SE3
16352,SE3
16353,SE3
16354,SE3
16355,SE3
16356,SE3
16357,SE3
16361,SE3
16362,SE3
16363,SE3
16364,SE3
16365,SE3
16366,SE3
16367,SE3
16368,SE3
16370,SE3
16371,SE3
16372,SE3
16373,SE3
16374,SE3
16375,SE3
16376,SE3
16377,SE3
16388,SE3
16389,SE3
16391,SE3
16394,SE3
16400,SE3
16406,SE3
16407,SE3
16419,SE3
16420,SE3
16421,SE3
16422,SE3
16425,SE3
16426,SE3
16428,SE3
16429,SE3
16430,SE3
16431,SE3
16432,SE3
16433,SE3
16434,SE3
16435,SE3
16436,SE3
16437,SE3
16438,SE3
16439,SE3
16440,SE3
16441,SE3
16442,SE3
16443,SE3
16444,SE3
16445,SE3
16446,SE3
16447,SE3
16448,SE3
16451,SE3
16452,SE3
16453,SE3
16455,SE3
16471,SE3
16472,SE3
16473,SE3
16474,SE3
16475,SE3
16476,SE3
16477,SE3
16478,SE3
16479,SE3
16480,SE3
16481,SE3
16482,SE3
16483,SE3
16484,SE3
16485,SE3
16486,SE3
16487,SE3
16488,SE3
16489,SE3
16490,SE3
16491,SE3
16492,SE3
16493,SE3
16494,SE3
16495,SE3
16496,SE3
16497,SE3
16498,SE3
16499,SE3
16500,SE3
16510,SE3
16511,SE3
16512,SE3
16513,SE3
16515,SE3
16516,SE3
16520,SE3
16521,SE3
16522,SE3
16523,SE3
16524,SE3
16552,SE3
16553,SE3
16554,SE3
16555,SE3
16556,SE3
16557,SE3
16558,SE3
16559,SE3
16560,SE3
16561,SE3
16562,SE3
16563,SE3
16564,SE3
16565,SE3
16566,SE3
16570,SE3
16571,SE3
16572,SE3
16573,SE3
16574,SE3
16575,SE3
16576,SE3
16577,SE3
16578,SE3
16700,SE3
16714,SE3
16715,SE3
16717,SE3
16719,SE3
16720,SE3
16731,SE3
16732,SE3
16733,SE3
16735,SE3
16736,SE3
16737,SE3
16738,SE3
16739,SE3
16740,SE3
16741,SE3
16743,SE3
16744,SE3
16745,SE3
16751,SE3
16752,SE3
16753,SE3
16754,SE3
16755,SE3
16756,SE3
16757,SE3
16758,SE3
16761,SE3
16762,SE3
16763,SE3
16764,SE3
16765,SE3
16766,SE3
16767,SE3
16771,SE3
16772,SE3
16773,SE3
16774,SE3
16775,SE3
16776,SE3
16780,SE3
16781,SE3
16800,SE3
16820,SE3
16827,SE3
16830,SE3
16831,SE3
16832,SE3
16833,SE3
16834,SE3
16835,SE3
16836,SE3
16837,SE3
16838,SE3
16839,SE3
16840,SE3
16841,SE3
16842,SE3
16843,SE3
16844,SE3
16845,SE3
16846,SE3
16847,SE3
16848,SE3
16849,SE3
16850,SE3
16851,SE3
16852,SE3
16853,SE3
16854,SE3
16855,SE3
16856,SE3
16857,SE3
16858,SE3
16859,SE3
16860,SE3
16861,SE3
16862,SE3
16863,SE3
16864,SE3
16865,SE3
16866,SE3
16867,SE3
16868,SE3
16869,SE3
16870,SE3
16871,SE3
16872,SE3
16873,SE3
16874,SE3
16875,SE3
16876,SE3
16877,SE3
16878,SE3
16880,SE3
16900,SE3
16902,SE3
16903,SE3
16904,SE3
16905,SE3
16920,SE3
16926,SE3
16927,SE3
16928,SE3
16929,SE3
16930,SE3
16931,SE3
16932,SE3
16933,SE3
16934,SE3
16935,SE3
16936,SE3
16937,SE3
16938,SE3
16939,SE3
16940,SE3
16941,SE3
16950,SE3
16951,SE3
16952,SE3
16953,SE3
16954,SE3
16955,SE3
16956,SE3
16957,SE3
16958,SE3
16959,SE3
16960,SE3
16961,SE3
16962,SE3
16963,SE3
16964,SE3
16965,SE3
16966,SE3
16967,SE3
16968,SE3
16969,SE3
16970,SE3
16971,SE3
16972,SE3
16973,SE3
16974,SE3
16975,SE3
16979,SE3
16980,SE3
16981,SE3
16982,SE3
16983,SE3
16984,SE3
16985,SE3
16986,SE3
16987,SE3
16988,SE3
16989,SE3
16990,SE3
16991,SE3
16992,SE3
16993,SE3
16994,SE3
16995,SE3
16997,SE3
16999,SE3
17000,SE3
17007,SE3
17008,SE3
17009,SE3
17020,SE3
17061,SE3
17062,SE3
17063,SE3
17065,SE3
17066,SE3
17067,SE3
17068,SE3
17069,SE3
17070,SE3
17071,SE3
17072,SE3
17073,SE3
17074,SE3
17075,SE3
17076,SE3
17077,SE3
17078,SE3
17079,SE3
17080,SE3
17081,SE3
17082,SE3
17084,SE3
17085,SE3
17087,SE3
17100,SE3
17101,SE3
17102,SE3
17104,SE3
17105,SE3
17106,SE3
17108,SE3
17109,SE3
17111,SE3
17113,SE3
17116,SE3
17119,SE3
17120,SE3
17121,SE3
17122,SE3
17123,SE3
17124,SE3
17125,SE3
17126,SE3
17127,SE3
17128,SE3
17129,SE3
17141,SE3
17142,SE3
17143,SE3
17144,SE3
17145,SE3
17147,SE3
17148,SE3
17149,SE3
17150,SE3
17151,SE3
17152,SE3
17153,SE3
17154,SE3
17155,SE3
17156,SE3
17157,SE3
17158,SE3
17159,SE3
17160,SE3
17161,SE3
17162,SE3
17163,SE3
17164,SE3
17165,SE3
17166,SE3
17167,SE3
17168,SE3
17169,SE3
17170,SE3
17171,SE3
17172,SE3
17173,SE3
17174,SE3
17175,SE3
17176,SE3
17177,SE3
17178,SE3
17179,SE3
17180,SE3
17181,SE3
17182,SE3
17183,SE3
17184,SE3
17185,SE3
17186,SE3
17187,SE3
17188,SE3
17189,SE3
17190,SE3
17191,SE3
17192,SE3
17193,SE3
17194,SE3
17196,SE3
17197,SE3
17199,SE3
17205,SE3
17213,SE3
17219,SE3
17220,SE3
17221,SE3
17222,SE3
17223,SE3
17224,SE3
17225,SE3
17226,SE3
17227,SE3
17229,SE3
17230,SE3
17231,SE3
17232,SE3
17233,SE3
17234,SE3
17235,SE3
17236,SE3
17237,SE3
17238,SE3
17239,SE3
17240,SE3
17241,SE3
17261,SE3
17262,SE3
17263,SE3
17264,SE3
17265,SE3
17266,SE3
17267,SE3
17268,SE3
17269,SE3
17270,SE3
17271,SE3
17272,SE3
17273,SE3
17274,SE3
17275,SE3
17276,SE3
17277,SE3
17278,SE3
17279,SE3
17281,SE3
17282,SE3
17284,SE3
17287,SE3
17288,SE3
17290,SE3
17292,SE3
17298,SE3
17299,SE3
17300,SE3
17313,SE3
17315,SE3
17317,SE3
17318,SE3
17350,SE3
17351,SE3
17360,SE3
17365,SE3
17381,SE3
17385,SE3
17386,SE3
17400,SE3
17402,SE3
17407,SE3
17413,SE3
17420,SE3
17427,SE3
17441,SE3
17442,SE3
17443,SE3
17444,SE3
17445,SE3
17446,SE3
17447,SE3
17448,SE3
17449,SE3
17450,SE3
17451,SE3
17452,SE3
17453,SE3
17454,SE3
17455,SE3
17456,SE3
17457,SE3
17458,SE3
17459,SE3
17460,SE3
17461,SE3
17462,SE3
17463,SE3
17464,SE3
17465,SE3
17466,SE3
17486,SE3
17487,SE3
17488,SE3
17500,SE3
17504,SE3
17506,SE3
17508,SE3
17514,SE3
17515,SE3
17516,SE3
17517,SE3
17518,SE3
17519,SE3
17520,SE3
17526,SE3
17527,SE3
17529,SE3
17541,SE3
17543,SE3
17544,SE3
17545,SE3
17546,SE3
17547,SE3
17548,SE3
17549,SE3
17550,SE3
17551,SE3
17552,SE3
17553,SE3
17554,SE3
17555,SE3
17556,SE3
17557,SE3
17560,SE3
17561,SE3
17562,SE3
17563,SE3
17564,SE3
17565,SE3
17566,SE3
17567,SE3
17568,SE3
17569,SE3
17580,SE3
17581,SE3
17584,SE3
17588,SE3
17589,SE3
17600,SE3
17602,SE3
17627,SE3
17668,SE3
17669,SE3
17670,SE3
17671,SE3
17672,SE3
17673,SE3
17674,SE3
17675,SE3
17676,SE3
17677,SE3
17680,SE3
17700,SE3
17721,SE3
17722,SE3
17723,SE3
17724,SE3
17725,SE3
17730,SE3
17731,SE3
17732,SE3
17733,SE3
17734,SE3
17735,SE3
17736,SE3
17737,SE3
17738,SE3
17739,SE3
17740,SE3
17741,SE3
17742,SE3
17743,SE3
17744,SE3
17745,SE3
17746,SE3
17747,SE3
17750,SE3
17751,SE3
17752,SE3
17753,SE3
17754,SE3
17755,SE3
17756,SE3
17757,SE3
17758,SE3
17759,SE3
17760,SE3
17761,SE3
17762,SE3
17763,SE3
17764,SE3
17765,SE3
17770,SE3
17771,SE3
17780,SE3
17781,SE3
17800,SE3
17802,SE3
17820,SE3
17821,SE3
17822,SE3
17823,SE3
17824,SE3
17830,SE3
17831,SE3
17832,SE3
17833,SE3
17834,SE3
17835,SE3
17836,SE3
17837,SE3
17838,SE3
17839,SE3
17840,SE3
17841,SE3
17851,SE3
17852,SE3
17853,SE3
17854,SE3
17890,SE3
17891,SE3
17892,SE3
17893,SE3
17903,SE3
17960,SE3
17961,SE3
17962,SE3
17963,SE3
17965,SE3
17975,SE3
17995,SE3
17996,SE3
17997,SE3
17998,SE3
18100,Unknown
18103,Unknown
18104,Unknown
18105,Unknown
18106,Unknown
18110,Unknown
18118,Unknown
18120,Unknown
18121,Unknown
18122,Unknown
18123,Unknown
18124,Unknown
18125,Unknown
18129,Unknown
18130,Unknown
18131,Unknown
18132,Unknown
18133,Unknown
18134,Unknown
18135,Unknown
18136,Unknown
18137,Unknown
18138,Unknown
18139,Unknown
18140,Unknown
18141,Unknown
18142,Unknown
18143,Unknown
18144,Unknown
18145,Unknown
18146,Unknown
18147,Unknown
18148,Unknown
18150,Unknown
18151,Unknown
18155,Unknown
18156,Unknown
18157,Unknown
18158,Unknown
18159,Unknown
18160,Unknown
18161,Unknown
18162,Unknown
18163,Unknown
18164,Unknown
18165,Unknown
18166,Unknown
18167,Unknown
18181,Unknown
18182,Unknown
18185,Unknown
18186,Unknown
18187,Unknown
18190,Unknown
18200,SE3
18202,SE3
18203,SE3
18204,SE3
18205,Unknown
18206,Unknown
18207,SE3
18211,SE3
18212,SE3
18214,SE3
18215,SE3
18216,SE3
18217,SE3
18220,SE3
18230,SE3
18231,SE3
18232,SE3
18233,SE3
18234,SE3
18235,SE3
18236,SE3
18237,SE3
18238,SE3
18239,SE3
18245,SE3
18246,SE3
18247,SE3
18248,SE3
18249,SE3
18250,SE3
18252,SE3
18253,SE3
18254,Unknown
18255,Unknown
18256,SE3
18257,SE3
18260,Unknown
18261,Unknown
18262,Unknown
18263,Unknown
18264,Unknown
18265,Unknown
18266,Unknown
18267,Unknown
18268,Unknown
18269,Unknown
18270,SE3
18273,SE3
18274,SE3
18275,SE3
18276,SE3
18277,SE3
18278,SE3
18279,SE3
18282,SE3
18285,SE3
18287,SE3
18288,SE3
18291,SE3
18300,SE3
18301,SE3
18302,SE3
18303,SE3
18304,SE3
18311,SE3
18312,SE3
18313,SE3
18314,SE3
18315,SE3
18316,SE3
18320,SE3
18321,SE3
18322,SE3
18323,SE3
18325,SE3
18326,SE3
18330,SE3
18331,SE3
18332,SE3
18333,SE3
18334,SE3
18335,SE3
18336,SE3
18337,SE3
18338,SE3
18339,SE3
18341,SE3
18347,SE3
18348,SE3
18349,SE3
18350,SE3
18351,SE3
18352,SE3
18353,SE3
18354,SE3
18355,SE3
18356,SE3
18357,SE3
18358,SE3
18359,SE3
18360,SE3
18361,SE3
18362,SE3
18363,SE3
18364,SE3
18365,SE3
18366,SE3
18367,SE3
18368,SE3
18369,SE3
18370,SE3
18371,SE3
18372,SE3
18374,SE3
18375,SE3
18376,SE3
18377,SE3
18378,SE3
18379,SE3
18380,SE3
18381,SE3
18383,SE3
18384,SE3
18385,SE3
18400,SE3
18403,Unknown
18420,SE3
18421,SE3
18422,SE3
18423,SE3
18424,SE3
18425,SE3
18426,SE3
18427,SE3
18428,SE3
18430,SE3
18431,SE3
18432,SE3
18433,SE3
18434,SE3
18435,SE3
18436,SE3
18437,SE3
18438,SE3
18439,SE3
18440,SE3
18441,SE3
18442,SE3
18443,SE3
18444,SE3
18450,SE3
18451,SE3
18452,SE3
18453,SE3
18460,SE3
18461,SE3
18462,SE3
18463,SE3
18464,SE3
18470,SE3
18486,SE3
18491,SE3
18492,SE3
18493,SE3
18494,SE3
18495,Unknown
18496,SE3
18497,Unknown
18499,SE3
18500,Unknown
18520,Unknown
18521,Unknown
18522,Unknown
18523,Unknown
18531,Unknown
18532,Unknown
18533,Unknown
18534,Unknown
18535,Unknown
18537,Unknown
18539,Unknown
18541,Unknown
18551,Unknown
18583,Unknown
18591,Unknown
18593,Unknown
18594,Unknown
18595,Unknown
18599,Unknown
18600,SE3
18603,SE3
18620,SE3
18621,SE3
18622,SE3
18623,SE3
18624,SE3
18625,SE3
18626,SE3
18630,SE3
18631,SE3
18632,SE3
18633,SE3
18634,SE3
18635,SE3
18636,SE3
18637,SE3
18638,SE3
18639,SE3
18640,SE3
18641,SE3
18642,SE3
18643,SE3
18644,SE3
18645,SE3
18646,SE3
18647,SE3
18648,SE3
18650,SE3
18651,SE3
18652,SE3
18653,SE3
18654,SE3
18655,SE3
18656,SE3
18660,SE3
18670,SE3
18686,SE3
18691,SE3
18692,SE3
18693,SE3
18694,SE3
18695,SE3
18696,SE3
18697,SE3
18700,SE3
18705,SE3
18706,SE3
18711,SE3
18712,SE3
18713,SE3
18714,SE3
18715,SE3
18720,SE3
18726,SE3
18727,SE3
18728,SE3
18729,SE3
18730,SE3
18731,SE3
18732,SE3
18733,SE3
18734,SE3
18735,SE3
18736,SE3
18737,SE3
18738,SE3
18740,SE3
18741,SE3
18742,SE3
18743,SE3
18744,SE3
18745,SE3
18746,SE3
18749,SE3
18750,SE3
18751,SE3
18752,SE3
18753,SE3
18754,SE3
18760,SE3
18761,SE3
18762,SE3
18763,SE3
18764,SE3
18765,SE3
18766,SE3
18767,SE3
18768,SE3
18769,SE3
18770,SE3
18772,SE3
18773,SE3
18774,SE3
18775,SE3
18776,SE3
18777,SE3
19000,SE3
19002,SE3
19010,SE3
19011,SE3
19012,SE3
19017,SE3
19020,SE3
19045,SE3
19046,SE3
19047,SE3
19050,SE3
19060,SE3
19070,SE3
19080,SE3
19081,SE3
19082,SE3
19083,SE3
19084,SE3
19085,SE3
19090,SE3
19100,SE3
19102,SE3
19118,SE3
19120,SE3
19121,SE3
19122,SE3
19123,SE3
19124,SE3
19126,SE3
19127,SE3
19128,SE3
19129,SE3
19133,SE3
19134,SE3
19135,SE3
19136,SE3
19137,SE3
19138,SE3
19139,SE3
19140,SE3
19141,SE3
19142,SE3
19143,SE3
19144,SE3
19145,SE3
19146,SE3
19147,SE3
19148,SE3
19149,SE3
19150,SE3
19160,SE3
19161,SE3
19162,SE3
19163,SE3
19164,SE3
19181,SE3
19183,SE3
19184,SE3
19185,SE3
19186,SE3
19189,SE3
19190,SE3
19200,SE3
19205,SE3
19206,SE3
19207,SE3
19208,SE3
19220,SE3
19221,SE3
19232,SE3
19248,SE3
19251,SE3
19252,SE3
19253,SE3
19254,SE3
19255,SE3
19256,SE3
19257,SE3
19258,SE3
19259,SE3
19265,SE3
19266,SE3
19267,SE3
19268,SE3
19269,SE3
19270,SE3
19271,SE3
19272,SE3
19273,SE3
19274,SE3
19275,SE3
19276,SE3
19277,SE3
19278,SE3
19279,SE3
19300,SE3
19320,SE3
19321,SE3
19322,SE3
19323,SE3
19328,SE3
19330,SE3
19331,SE3
19332,SE3
19333,SE3
19334,SE3
19335,SE3
19336,SE3
19337,SE3
19340,SE3
19341,SE3
19391,SE3
19400,SE3
19402,SE3
19404,SE3
19405,SE3
19410,SE3
19417,SE3
19419,SE3
19420,SE3
19421,SE3
19422,SE3
19423,SE3
19426,SE3
19427,SE3
19428,SE3
19429,SE3
19430,SE3
19431,SE3
19432,SE3
19433,SE3
19434,SE3
19435,SE3
19436,SE3
19437,SE3
19438,SE3
19439,SE3
19440,SE3
19441,SE3
19442,SE3
19443,SE3
19444,SE3
19445,SE3
19446,SE3
19447,SE3
19449,SE3
19451,SE3
19452,SE3
19453,SE3
19454,SE3
19455,SE3
19456,SE3
19457,SE3
19460,SE3
19461,SE3
19462,SE3
19463,SE3
19464,SE3
19465,SE3
19466,SE3
19467,SE3
19468,SE3
19469,SE3
19470,SE3
19471,SE3
19472,SE3
19473,SE3
19474,SE3
19475,SE3
19476,SE3
19477,SE3
19478,SE3
19479,SE3
19480,SE3
19481,SE3
19482,SE3
19483,SE3
19484,SE3
19486,SE3
19487,SE3
19488,SE3
19489,SE3
19491,SE3
19492,SE3
19498,SE3
19500,SE3
19502,SE3
19503,SE3
19504,SE3
19505,SE3
19506,SE3
19518,SE3
19519,SE3
19520,SE3
19521,SE3
19522,SE3
19523,SE3
19524,SE3
19525,SE3
19530,SE3
19531,SE3
19532,SE3
19533,SE3
19534,SE3
19535,SE3
19536,SE3
19540,SE3
19541,SE3
19542,SE3
19543,SE3
19544,SE3
19545,SE3
19546,SE3
19547,SE3
19550,SE3
19551,SE3
19552,SE3
19553,SE3
19554,SE3
19555,SE3
19556,SE3
19557,SE3
19558,SE3
19559,SE3
19560,SE3
19561,SE3
19565,SE3
19570,SE3
19571,SE3
19572,SE3
19580,SE3
19581,SE3
19582,SE3
19583,SE3
19585,SE3
19587,SE3
19591,SE3
19592,SE3
19593,SE3
19594,SE3
19595,SE3
19596,SE3
19600,SE3
19602,SE3
19620,SE3
19621,SE3
19622,SE3
19623,SE3
19630,SE3
19631,SE3
19632,SE3
19633,SE3
19634,SE3
19635,SE3
19636,SE3
19637,SE3
19638,SE3
19639,SE3
19640,SE3
19641,SE3
19681,SE3
19685,SE3
19691,SE3
19692,SE3
19693,SE3
19700,SE3
19720,SE3
19721,SE3
19722,SE3
19730,SE3
19731,SE3
19732,SE3
19733,SE3
19734,SE3
19735,SE3
19736,SE3
19740,SE3
19791,SE3
19792,SE3
19793,SE3
20001,SE4
20005,SE4
20010,SE4
20011,SE4
20021,SE4
20022,SE4
20024,SE4
20025,SE4
20031,SE4
20032,SE4
20039,SE4
20041,SE4
20042,SE4
20043,SE4
20045,SE4
20049,SE4
20061,SE4
20062,SE4
20071,SE4
20072,SE4
20073,SE4
20074,SE4
20110,SE4
20120,SE4
20121,SE4
20122,SE4
20123,SE4
20124,SE4
20125,SE4
20180,SE4
20210,SE4
20211,SE4
20212,SE4
20213,SE4
20214,SE4
20215,SE4
20220,SE4
20221,SE4
20222,SE4
20223,SE4
20224,SE4
20225,SE4
20226,SE4
20227,SE4
20228,SE4
20229,SE4
20230,SE4
20240,SE4
20250,SE4
20260,SE4
20270,SE4
20271,SE4
20280,SE4
20310,SE4
20311,SE4
20312,SE4
20313,SE4
20314,SE4
20315,SE4
20320,SE4
20501,SE4
20502,SE4
20503,SE4
20504,SE4
20505,SE4
20506,SE4
20507,SE4
20508,SE4
20509,SE4
20510,SE4
20511,SE4
20512,SE4
20513,SE4
20514,SE4
20515,SE4
20516,SE4
20517,SE4
20518,SE4
20519,SE4
20520,SE4
20521,SE4
20522,SE4
20523,SE4
20525,SE4
20526,SE4
20528,SE4
20529,SE4
20530,SE4
20531,SE4
20533,SE4
20535,SE4
20536,SE4
20537,SE4
20538,SE4
20539,SE4
20540,SE4
20541,SE4
20542,SE4
20543,SE4
20544,SE4
20545,SE4
20547,SE4
20550,SE4
20552,SE4
20555,SE4
20556,SE4
20557,SE4
20558,SE4
20559,SE4
20560,SE4
20565,SE4
20570,SE4
20574,SE4
20575,SE4
20576,SE4
20578,SE4
20579,SE4
20580,SE4
20581,SE4
20590,SE4
20595,SE4
20701,SE4
20702,SE4
20703,SE4
20704,SE4
20705,SE4
20706,SE4
20707,SE4
20708,SE4
20709,SE4
20710,SE4
20711,SE4
20712,SE4
20713,SE4
20714,SE4
20715,SE4
20716,SE4
20717,SE4
20718,SE4
20719,SE4
20720,SE4
20721,SE4
20722,SE4
20723,SE4
20724,SE4
20725,SE4
20726,SE4
20727,SE4
20728,SE4
20791,SE4
20792,SE4
20794,SE4
20795,SE4
20797,SE4
20798,SE4
20799,SE4
20800,SE4
20801,SE4
20802,SE4
20805,SE4
20810,SE4
20813,SE4
20815,SE4
20818,SE4
20820,SE4
20821,SE4
20824,SE4
20830,SE4
20831,SE4
20834,SE4
20850,SE4
20860,SE4
20867,SE4
20870,SE4
20891,SE4
20897,SE4
20900,SE4
20901,SE4
20902,SE4
20903,SE4
20904,SE4
20905,SE4
20906,SE4
20907,SE4
20908,SE4
20909,SE4
20910,SE4
20911,SE4
20912,SE4
20913,SE4
20914,SE4
20915,SE4
20916,SE4
20917,SE4
20918,SE4
20919,SE4
20920,SE4
20921,SE4
20922,SE4
20923,SE4
20924,SE4
20925,SE4
20926,SE4
20927,SE4
20928,SE4
20929,SE4
20930,SE4
20931,SE4
20932,SE4
20933,SE4
20934,SE4
20935,SE4
20936,SE4
20937,SE4
20938,SE4
20939,SE4
20940,SE4
20941,SE4
20942,SE4
20943,SE4
20944,SE4
20945,SE4
20946,SE4
20947,SE4
20948,SE4
20949,SE4
20950,SE4
20951,SE4
20952,SE4
20953,SE4
20954,SE4
20955,SE4
20956,SE4
20957,SE4
20958,SE4
20959,SE4
20960,SE4
20961,SE4
20962,SE4
20963,SE4
20964,SE4
20965,SE4
20966,SE4
20967,SE4
20968,SE4
20969,SE4
20970,SE4
20971,SE4
20972,SE4
20973,SE4
20974,SE4
20975,SE4
20976,SE4
20977,SE4
20978,SE4
20979,SE4
20980,SE4
20981,SE4
20982,SE4
20983,SE4
20984,SE4
20985,SE4
20986,SE4
20987,SE4
20988,SE4
20989,SE4
20990,SE4
20991,SE4
20992,SE4
20993,SE4
20994,SE4
20995,SE4
20996,SE4
20997,SE4
20998,SE4
20999,SE4
21100,SE4
21101,SE4
21105,SE4
21111,SE4
21112,SE4
21113,SE4
21114,SE4
21115,SE4
21116,SE4
21117,SE4
21118,SE4
21119,SE4
21120,SE4
21121,SE4
21122,SE4
21124,SE4
21125,SE4
21126,SE4
21127,SE4
21128,SE4
21129,SE4
21130,SE4
21131,SE4
21132,SE4
21133,SE4
21134,SE4
21135,SE4
21136,SE4
21137,SE4
21138,SE4
21139,SE4
21140,SE4
21141,SE4
21142,SE4
21143,SE4
21144,SE4
21145,SE4
21146,SE4
21147,SE4
21148,SE4
21149,SE4
21150,SE4
21151,SE4
21152,SE4
21153,SE4
21154,SE4
21155,SE4
21156,SE4
21157,SE4
21158,SE4
21159,SE4
21160,SE4
21165,SE4
21171,SE4
21173,SE4
21174,SE4
21175,SE4
21176,SE4
21177,SE4
21200,SE4
21201,SE4
21206,SE4
21209,SE4
21210,SE4
21211,SE4
21212,SE4
21213,SE4
21214,SE4
21215,SE4
21216,SE4
21217,SE4
21218,SE4
21219,SE4
21220,SE4
21221,SE4
21222,SE4
21223,SE4
21224,SE4
21225,SE4
21226,SE4
21227,SE4
21228,SE4
21229,SE4
21230,SE4
21231,SE4
21232,SE4
21233,SE4
21234,SE4
21235,SE4
21236,SE4
21237,SE4
21238,SE4
21239,SE4
21240,SE4
21241,SE4
21242,SE4
21243,SE4
21244,SE4
21245,SE4
21246,SE4
21250,SE4
21251,SE4
21252,SE4
21291,SE4
21300,SE4
21361,SE4
21362,SE4
21363,SE4
21364,SE4
21365,SE4
21366,SE4
21367,SE4
21368,SE4
21369,SE4
21370,SE4
21371,SE4
21372,SE4
21373,SE4
21374,SE4
21375,SE4
21376,SE4
21377,SE4
21400,SE4
21402,SE4
21410,SE4
21413,SE4
21420,SE4
21421,SE4
21422,SE4
21423,SE4
21424,SE4
21425,SE4
21426,SE4
21427,SE4
21428,SE4
21429,SE4
21430,SE4
21431,SE4
21432,SE4
21433,SE4
21434,SE4
21435,SE4
21436,SE4
21437,SE4
21438,SE4
21439,SE4
21440,SE4
21441,SE4
21442,SE4
21443,SE4
21444,SE4
21445,SE4
21446,SE4
21447,SE4
21448,SE4
21449,SE4
21450,SE4
21454,SE4
21455,SE4
21456,SE4
21457,SE4
21458,SE4
21459,SE4
21463,SE4
21466,SE4
21467,SE4
21500,SE4
21526,SE4
21527,SE4
21532,SE4
21533,SE4
21534,SE4
21535,SE4
21536,SE4
21537,SE4
21550,SE4
21551,SE4
21552,SE4
21553,SE4
21558,SE4
21559,SE4
21560,SE4
21561,SE4
21562,SE4
21563,SE4
21564,SE4
21565,SE4
21566,SE4
21567,SE4
21568,SE4
21569,SE4
21570,SE4
21571,SE4
21572,SE4
21573,SE4
21574,SE4
21578,SE4
21579,SE4
21580,SE4
21581,SE4
21582,SE4
21583,SE4
21584,SE4
21585,SE4
21586,SE4
21600,SE4
21608,SE4
21609,SE4
21610,SE4
21611,SE4
21612,SE4
21613,SE4
21614,SE4
21615,SE4
21616,SE4
21617,SE4
21618,SE4
21619,SE4
21620,SE4
21621,SE4
21622,SE4
21623,SE4
21624,SE4
21625,SE4
21630,SE4
21631,SE4
21632,SE4
21633,SE4
21641,SE4
21642,SE4
21643,SE4
21644,SE4
21645,SE4
21646,SE4
21647,SE4
21648,SE4
21649,SE4
21700,SE4
21701,SE4
21741,SE4
21742,SE4
21743,SE4
21744,SE4
21745,SE4
21746,SE4
21747,SE4
21748,SE4
21749,SE4
21751,SE4
21752,SE4
21753,SE4
21754,SE4
21755,SE4
21756,SE4
21757,SE4
21758,SE4
21759,SE4
21761,SE4
21762,SE4
21763,SE4
21764,SE4
21765,SE4
21766,SE4
21767,SE4
21771,SE4
21772,SE4
21773,SE4
21774,SE4
21775,SE4
21800,SE4
21820,SE4
21824,SE4
21831,SE4
21832,SE4
21833,SE4
21834,SE4
21836,SE4
21837,SE4
21838,SE4
21839,SE4
21840,SE4
21841,SE4
21842,SE4
21845,SE4
21846,SE4
21847,SE4
21851,Unknown
21852,Unknown
21853,Unknown
21854,Unknown
21855,Unknown
21871,SE4
21872,SE4
21873,SE4
21874,SE4
21875,SE4
22002,SE4
22007,SE4
22009,SE4
22010,SE4
22013,SE4
22100,SE4
22101,SE4
22104,SE4
22105,SE4
22109,SE4
22182,SE4
22183,SE4
22184,SE4
22185,SE4
22186,SE4
22187,SE4
22188,SE4
22200,SE4
22220,SE4
22221,SE4
22222,SE4
22223,SE4
22224,SE4
22225,SE4
22226,SE4
22227,SE4
22228,SE4
22229,SE4
22230,SE4
22235,SE4
22236,SE4
22237,SE4
22240,SE4
22241,SE4
22242,SE4
22270,SE4
22271,SE4
22274,SE4
22275,SE4
22276,SE4
22300,SE4
22349,SE4
22350,SE4
22351,SE4
22352,SE4
22353,SE4
22354,SE4
22355,SE4
22356,SE4
22357,SE4
22358,SE4
22359,SE4
22361,SE4
22362,SE4
22363,SE4
22369,SE4
22370,SE4
22381,SE4
22400,SE4
22421,SE4
22456,SE4
22457,SE4
22458,SE4
22460,SE4
22464,SE4
22465,SE4
22466,SE4
22467,SE4
22468,SE4
22471,SE4
22472,SE4
22473,SE4
22474,SE4
22475,SE4
22476,SE4
22477,SE4
22478,SE4
22479,SE4
22480,SE4
22481,SE4
22482,SE4
22484,SE4
22591,SE4
22592,SE4
22593,SE4
22594,SE4
22600,SE4
22638,SE4
22639,SE4
22641,SE4
22642,SE4
22643,SE4
22644,SE4
22645,SE4
22646,SE4
22647,SE4
22648,SE4
22649,SE4
22650,SE4
22651,SE4
22652,SE4
22653,SE4
22654,SE4
22655,SE4
22656,SE4
22657,SE4
22658,SE4
22660,SE4
22700,SE4
22721,SE4
22722,SE4
22728,SE4
22729,SE4
22730,SE4
22731,SE4
22732,SE4
22733,SE4
22734,SE4
22735,SE4
22736,SE4
22738,SE4
22760,SE4
22761,SE4
22762,SE4
22763,SE4
22764,SE4
22800,SE4
22810,SE4
22814,SE4
22820,SE4
23032,SE4
23105,Unknown
23106,SE4
23108,SE4
23110,SE4
23120,SE4
23121,SE4
23122,SE4
23123,SE4
23124,SE4
23125,SE4
23127,SE4
23131,SE4
23132,SE4
23133,SE4
23134,SE4
23136,SE4
23138,SE4
23142,SE4
23143,SE4
23144,SE4
23145,SE4
23151,SE4
23152,SE4
23153,SE4
23154,SE4
23155,SE4
23156,SE4
23161,SE4
23162,SE4
23163,SE4
23164,SE4
23165,SE4
23166,SE4
23167,SE4
23168,SE4
23169,SE4
23170,SE4
23172,SE4
23173,SE4
23175,SE4
23176,SE4
23178,Unknown
23179,Unknown
23181,SE4
23183,SE4
23185,SE4
23187,SE4
23191,SE4
23192,SE4
23193,SE4
23194,SE4
23195,SE4
23196,SE4
23197,SE4
23198,SE4
23199,SE4
23201,SE4
23202,SE4
23220,SE4
23221,SE4
23222,SE4
23223,SE4
23224,SE4
23231,SE4
23232,SE4
23233,SE4
23234,SE4
23235,SE4
23236,SE4
23237,SE4
23238,SE4
23239,SE4
23241,SE4
23251,SE4
23252,SE4
23253,SE4
23254,SE4
23261,SE4
23291,SE4
23301,SE4
23302,SE4
23320,SE4
23321,SE4
23322,SE4
23323,SE4
23325,SE4
23326,SE4
23331,SE4
23332,SE4
23333,SE4
23334,SE4
23335,SE4
23336,SE4
23337,SE4
23338,SE4
23339,SE4
23341,SE4
23342,SE4
23343,SE4
23344,SE4
23351,SE4
23361,SE4
23362,SE4
23363,SE4
23364,SE4
23365,SE4
23371,SE4
23375,SE4
23376,SE4
23380,SE4
23381,SE4
23391,SE4
23392,SE4
23393,SE4
23394,SE4
23401,SE4
23420,SE4
23421,SE4
23422,SE4
23423,SE4
23431,SE4
23432,SE4
23433,SE4
23434,SE4
23435,SE4
23436,SE4
23437,SE4
23438,SE4
23439,SE4
23440,SE4
23441,SE4
23442,SE4
23443,SE4
23456,SE4
23481,SE4
23501,SE4
23520,SE4
23521,SE4
23522,SE4
23525,SE4
23531,SE4
23532,SE4
23533,SE4
23534,SE4
23535,SE4
23536,SE4
23537,SE4
23538,SE4
23539,SE4
23541,SE4
23542,SE4
23543,SE4
23581,SE4
23591,SE4
23593,SE4
23594,SE4
23599,SE4
23601,Unknown
23621,Unknown
23622,Unknown
23623,Unknown
23624,Unknown
23625,Unknown
23631,Unknown
23632,Unknown
23633,Unknown
23634,Unknown
23635,Unknown
23636,Unknown
23637,Unknown
23638,Unknown
23641,Unknown
23642,Unknown
23651,Unknown
23661,Unknown
23691,Unknown
23701,Unknown
23721,Unknown
23722,Unknown
23723,Unknown
23724,Unknown
23725,Unknown
23731,Unknown
23732,Unknown
23733,Unknown
23734,Unknown
23735,Unknown
23736,Unknown
23737,Unknown
23741,Unknown
23742,Unknown
23791,Unknown
23820,SE4
23821,SE4
23822,SE4
23830,SE4
23831,SE4
23832,SE4
23833,SE4
23834,SE4
23835,SE4
23836,SE4
23837,SE4
23838,SE4
23839,SE4
23840,SE4
23841,SE4
23842,SE4
23843,SE4
23901,Unknown
23920,Unknown
23921,Unknown
23922,Unknown
23930,Unknown
23931,Unknown
23932,Unknown
23933,Unknown
23934,Unknown
23935,Unknown
23936,Unknown
23940,Unknown
23941,Unknown
23942,Unknown
24102,SE4
24104,SE4
24105,SE4
24110,SE4
24120,SE4
24121,SE4
24122,SE4
24123,SE4
24124,SE4
24126,SE4
24130,SE4
24131,SE4
24132,SE4
24133,SE4
24134,SE4
24135,SE4
24136,SE4
24137,SE4
24138,SE4
24139,SE4
24140,SE4
24161,SE4
24162,SE4
24164,SE4
24165,SE4
24171,SE4
24172,SE4
24174,SE4
24175,SE4
24180,SE4
24181,SE4
24191,SE4
24192,SE4
24193,SE4
24194,SE4
24195,SE4
24196,SE4
24201,SE4
24220,SE4
24221,SE4
24222,SE4
24230,SE4
24231,SE4
24232,SE4
24233,SE4
24234,SE4
24235,SE4
24271,SE4
24272,SE4
24280,SE4
24291,SE4
24292,SE4
24293,SE4
24294,SE4
24295,SE4
24296,SE4
24297,SE4
24298,SE4
24301,SE4
24320,SE4
24321,SE4
24322,SE4
24323,SE4
24326,SE4
24330,SE4
24331,SE4
24332,SE4
24333,SE4
24334,SE4
24335,SE4
24336,SE4
24339,SE4
24340,SE4
24371,SE4
24372,SE4
24373,SE4
24391,SE4
24392,SE4
24393,SE4
24394,SE4
24395,SE4
24396,SE4
24397,SE4
24400,SE4
24401,SE4
24402,SE4
24420,SE4
24421,SE4
24422,SE4
24423,SE4
24430,SE4
24431,SE4
24432,SE4
24433,SE4
24436,SE4
24438,SE4
24439,SE4
24441,SE4
24444,SE4
24445,SE4
24446,SE4
24460,SE4
24462,SE4
24463,SE4
24465,SE4
24466,SE4
24471,SE4
24480,SE4
24482,SE4
24491,SE4
24493,SE4
24494,SE4
24495,SE4
24501,SE4
24518,SE4
24520,SE4
24521,SE4
24522,SE4
24525,SE4
24530,SE4
24531,SE4
24532,SE4
24533,SE4
24534,SE4
24535,SE4
24537,SE4
24538,SE4
24541,SE4
24542,SE4
24543,SE4
24544,SE4
24545,SE4
24546,SE4
24561,SE4
24562,SE4
24563,SE4
24564,SE4
24565,SE4
24566,SE4
24580,SE4
24591,SE4
24592,SE4
24593,SE4
24601,SE4
24602,SE4
24620,SE4
24621,SE4
24622,SE4
24625,SE4
24630,SE4
24631,SE4
24632,SE4
24633,SE4
24634,SE4
24635,SE4
24636,SE4
24642,SE4
24643,SE4
24650,SE4
24651,SE4
24652,SE4
24655,SE4
24657,SE4
24700,SE4
24719,SE4
24720,SE4
24721,SE4
24722,SE4
24723,SE4
24724,SE4
24725,SE4
24726,SE4
24727,SE4
24728,SE4
24729,SE4
24731,SE4
24732,SE4
24733,SE4
24734,SE4
24735,SE4
24736,SE4
24741,SE4
24745,SE4
24747,SE4
24750,SE4
24751,SE4
24752,SE4
24753,SE4
24754,SE4
24755,SE4
24756,SE4
24760,SE4
24761,SE4
24762,SE4
24763,SE4
24764,SE4
24770,SE4
24771,SE4
24772,SE4
24781,SE4
24782,SE4
24791,SE4
24792,SE4
24793,SE4
24794,SE4
24795,SE4
24796,SE4
24797,SE4
24798,SE4
24799,SE4
25002,SE4
25003,SE4
25005,SE4
25006,SE4
25007,SE4
25009,SE4
25013,SE4
25015,SE4
25016,Unknown
25019,SE4
25022,SE4
25023,SE4
25024,SE4
25025,SE4
25053,SE4
25054,SE4
25100,SE4
25101,SE4
25106,SE4
25107,SE4
25108,SE4
25109,SE4
25110,SE4
25111,SE4
25112,SE4
25113,SE4
25114,SE4
25181,SE4
25182,Unknown
25183,SE4
25184,SE4
25185,SE4
25187,SE4
25188,SE4
25189,SE4
25200,SE4
25201,SE4
25202,SE4
25208,SE4
25218,SE4
25219,SE4
25220,SE4
25221,SE4
25222,SE4
25223,SE4
25224,SE4
25225,SE4
25226,SE4
25227,SE4
25228,SE4
25229,SE4
25230,SE4
25231,SE4
25232,SE4
25233,SE4
25234,SE4
25236,SE4
25237,SE4
25238,SE4
25240,SE4
25241,SE4
25244,SE4
25245,SE4
25246,SE4
25247,SE4
25248,SE4
25249,SE4
25250,SE4
25251,SE4
25252,SE4
25263,SE4
25266,SE4
25267,SE4
25268,SE4
25269,Unknown
25270,Unknown
25271,Unknown
25275,SE4
25276,SE4
25277,SE4
25278,SE4
25279,SE4
25300,SE4
25301,SE4
25302,SE4
25341,SE4
25342,SE4
25351,SE4
25352,SE4
25353,SE4
25354,SE4
25355,SE4
25356,SE4
25360,Unknown
25361,SE4
25362,SE4
25368,SE4
25373,SE4
25374,SE4
25375,SE4
25400,SE4
25402,SE4
25403,SE4
25404,SE4
25408,SE4
25420,SE4
25421,SE4
25422,SE4
25423,SE4
25424,SE4
25426,SE4
25430,SE4
25431,SE4
25433,SE4
25434,SE4
25435,SE4
25436,SE4
25437,SE4
25438,SE4
25439,SE4
25440,SE4
25441,SE4
25442,SE4
25443,SE4
25444,SE4
25445,SE4
25446,SE4
25447,SE4
25448,SE4
25449,SE4
25450,SE4
25451,SE4
25452,SE4
25453,SE4
25454,SE4
25455,SE4
25457,SE4
25458,SE4
25459,SE4
25460,SE4
25462,SE4
25463,SE4
25464,SE4
25465,SE4
25466,SE4
25467,SE4
25468,SE4
25469,SE4
25470,SE4
25471,SE4
25472,SE4
25473,SE4
25474,SE4
25475,SE4
25476,SE4
25477,SE4
25478,SE4
25481,SE4
25482,SE4
25483,SE4
25484,SE4
25600,SE4
25654,Unknown
25655,SE4
25656,SE4
25657,Unknown
25658,SE4
25659,SE4
25661,SE4
25662,SE4
25663,SE4
25664,SE4
25665,SE4
25666,SE4
25667,SE4
25668,SE4
25669,SE4
25671,SE4
25721,Unknown
25730,Unknown
25731,Unknown
25732,Unknown
25733,Unknown
25734,Unknown
25800,SE4
25802,SE4
25803,SE4
25805,SE4
25960,SE4
25961,SE4
25962,SE4
25963,SE4
25964,SE4
25965,SE4
25966,SE4
25967,SE4
25968,SE4
25969,SE4
25970,SE4
25971,SE4
25972,SE4
25973,SE4
25974,SE4
25975,SE4
25976,SE4
25977,SE4
25978,SE4
25979,SE4
25980,SE4
25981,SE4
25982,SE4
25983,SE4
25984,SE4
25985,SE4
25986,SE4
25987,SE4
25988,SE4
25989,SE4
25990,SE4
25991,SE4
25992,SE4
25994,SE4
25995,SE4
25996,SE4
25997,SE4
25998,SE4
25999,SE4
26100,Unknown
26103,Unknown
26104,Unknown
26106,Unknown
26107,SE4
26108,SE4
26120,Unknown
26122,Unknown
26123,Unknown
26124,Unknown
26125,Unknown
26126,Unknown
26127,Unknown
26129,Unknown
26130,Unknown
26131,Unknown
26132,Unknown
26133,Unknown
26134,Unknown
26135,Unknown
26136,Unknown
26137,Unknown
26138,Unknown
26139,Unknown
26140,Unknown
26141,Unknown
26142,Unknown
26143,Unknown
26144,Unknown
26145,Unknown
26146,Unknown
26147,Unknown
26151,Unknown
26152,Unknown
26153,Unknown
26160,Unknown
26161,Unknown
26162,SE4
26163,SE4
26165,Unknown
26171,Unknown
26172,SE4
26173,SE4
26175,SE4
26176,SE4
26180,Unknown
26191,Unknown
26192,Unknown
26193,Unknown
26194,Unknown
26195,Unknown
26200,SE4
26201,SE4
26210,SE4
26220,SE4
26221,SE4
26222,SE4
26223,SE4
26224,SE4
26230,SE4
26231,SE4
26232,SE4
26233,SE4
26234,SE4
26235,SE4
26236,SE4
26237,SE4
26241,SE4
26242,SE4
26243,SE4
26244,SE4
26250,SE4
26251,SE4
26252,SE4
26253,SE4
26254,SE4
26255,SE4
26257,SE4
26258,SE4
26260,SE4
26261,SE4
26262,SE4
26263,SE4
26264,SE4
26265,SE4
26266,SE4
26267,SE4
26268,SE4
26270,SE4
26271,SE4
26272,SE4
26273,SE4
26274,SE4
26278,SE4
26279,SE4
26280,SE4
26281,SE4
26282,SE4
26291,SE4
26292,SE4
26293,SE4
26294,SE4
26295,SE4
26296,SE4
26300,SE4
26303,Unknown
26320,SE4
26321,SE4
26322,SE4
26323,SE4
26331,SE4
26332,SE4
26333,SE4
26334,SE4
26335,SE4
26336,SE4
26337,SE4
26338,SE4
26339,SE4
26350,SE4
26351,SE4
26352,Unknown
26353,Unknown
26354,Unknown
26357,SE4
26358,SE4
26361,Unknown
26362,Unknown
26363,Unknown
26364,Unknown
26365,Unknown
26371,SE4
26372,SE4
26373,Unknown
26375,SE4
26376,SE4
26377,SE4
26382,SE4
26383,SE4
26391,SE4
26392,SE4
26394,SE4
26395,SE4
26401,SE4
26402,SE4
26403,SE4
26420,SE4
26421,SE4
26422,SE4
26423,SE4
26431,SE4
26432,SE4
26433,SE4
26434,SE4
26435,SE4
26436,SE4
26437,SE4
26438,SE4
26439,SE4
26451,SE4
26452,SE4
26453,SE4
26454,SE4
26470,SE4
26471,SE4
26480,SE4
26491,SE4
26492,SE4
26493,SE4
26494,SE4
26501,SE4
26502,SE4
26503,SE4
26520,SE4
26521,SE4
26522,SE4
26531,SE4
26532,SE4
26533,SE4
26534,SE4
26535,SE4
26536,SE4
26537,SE4
26538,SE4
26539,SE4
26540,SE4
26550,SE4
26571,SE4
26572,SE4
26574,SE4
26575,SE4
26580,SE4
26581,SE4
26582,SE4
26590,SE4
26602,Unknown
26621,SE4
26631,SE4
26632,SE4
26633,SE4
26634,SE4
26651,Unknown
26652,Unknown
26653,Unknown
26654,Unknown
26655,Unknown
26675,SE4
26691,SE4
26692,SE4
26693,SE4
26694,SE4
26695,SE4
26697,SE4
26698,SE4
26701,SE4
26702,SE4
26703,SE4
26720,SE4
26721,SE4
26722,SE4
26723,SE4
26725,SE4
26731,SE4
26732,SE4
26733,SE4
26734,SE4
26735,SE4
26736,SE4
26737,SE4
26738,SE4
26739,SE4
26740,SE4
26741,SE4
26771,SE4
26772,SE4
26773,SE4
26774,SE4
26775,SE4
26776,SE4
26777,SE4
26781,SE4
26782,SE4
26790,SE4
26801,SE4
26802,SE4
26805,SE4
26820,SE4
26821,SE4
26822,SE4
26831,SE4
26832,SE4
26833,SE4
26834,SE4
26868,SE4
26871,SE4
26872,SE4
26873,SE4
26874,SE4
26875,SE4
26876,SE4
26877,SE4
26878,SE4
26880,SE4
26881,SE4
26890,SE4
26901,SE4
26904,SE4
26920,SE4
26921,SE4
26922,SE4
26931,SE4
26932,SE4
26933,SE4
26934,SE4
26935,SE4
26936,SE4
26937,SE4
26938,SE4
26939,SE4
26940,SE4
26941,SE4
26942,SE4
26943,SE4
26944,SE4
26962,SE4
26971,SE4
26972,SE4
26973,SE4
26974,SE4
26976,SE4
26977,SE4
26978,SE4
26980,SE4
26982,SE4
26983,SE4
26991,SE4
26992,SE4
26993,SE4
26994,SE4
26995,SE4
26996,SE4
27100,SE4
27101,SE4
27102,SE4
27120,SE4
27121,SE4
27122,SE4
27123,SE4
27124,SE4
27125,SE4
27131,SE4
27132,SE4
27133,SE4
27134,SE4
27135,SE4
27136,SE4
27137,SE4
27138,SE4
27139,SE4
27140,SE4
27141,SE4
27142,SE4
27143,SE4
27144,SE4
27145,SE4
27146,SE4
27150,SE4
27151,SE4
27152,SE4
27153,SE4
27154,SE4
27155,SE4
27156,SE4
27157,SE4
27160,SE4
27170,SE4
27171,SE4
27172,SE4
27173,SE4
27174,SE4
27175,SE4
27176,SE4
27177,SE4
27178,SE4
27180,SE4
27181,SE4
27182,SE4
27191,SE4
27192,SE4
27193,SE4
27194,SE4
27195,SE4
27198,SE4
27199,SE4
27200,SE4
27220,SE4
27221,SE4
27222,SE4
27223,SE4
27224,SE4
27231,SE4
27232,SE4
27233,SE4
27234,SE4
27235,SE4
27236,SE4
27237,SE4
27238,SE4
27239,SE4
27261,SE4
27280,SE4
27281,SE4
27291,SE4
27292,SE4
27293,SE4
27294,SE4
27295,SE4
27296,SE4
27297,SE4
27301,SE4
27320,SE4
27321,SE4
27322,SE4
27330,SE4
27331,SE4
27332,SE4
27333,SE4
27334,SE4
27335,SE4
27336,SE4
27350,SE4
27355,SE4
27357,SE4
27380,SE4
27391,SE4
27392,SE4
27393,SE4
27394,SE4
27395,SE4
27396,SE4
27397,SE4
27398,SE4
27401,SE4
27402,SE4
27406,SE4
27420,SE4
27421,SE4
27422,SE4
27423,SE4
27424,SE4
27430,SE4
27431,SE4
27432,SE4
27433,SE4
27434,SE4
27435,SE4
27436,SE4
27437,SE4
27450,SE4
27451,SE4
27453,SE4
27454,SE4
27456,Unknown
27460,SE4
27461,SE4
27462,SE4
27463,SE4
27480,SE4
27491,SE4
27492,SE4
27493,SE4
27494,SE4
27500,SE4
27505,SE4
27506,SE4
27520,SE4
27521,SE4
27522,SE4
27523,SE4
27530,SE4
27531,SE4
27532,SE4
27533,SE4
27534,SE4
27535,SE4
27536,SE4
27537,SE4
27538,SE4
27539,SE4
27562,SE4
27563,SE4
27564,SE4
27566,SE4
27567,SE4
27568,SE4
27570,SE4
27571,SE4
27572,SE4
27575,SE4
27576,SE4
27580,SE4
27591,SE4
27592,SE4
27593,SE4
27594,SE4
27595,SE4
27596,SE4
27630,SE4
27635,SE4
27636,SE4
27637,SE4
27650,SE4
27655,SE4
27656,SE4
27660,SE4
27730,Unknown
27731,Unknown
27732,Unknown
27735,Unknown
27736,SE4
27737,Unknown
27740,SE4
27745,SE4
28101,SE4
28102,SE4
28108,SE4
28110,SE4
28111,SE4
28120,SE4
28121,SE4
28122,SE4
28123,SE4
28124,SE4
28125,SE4
28130,SE4
28131,SE4
28132,SE4
28133,SE4
28134,SE4
28135,SE4
28136,SE4
28137,SE4
28138,SE4
28139,SE4
28140,SE4
28141,SE4
28142,SE4
28143,SE4
28144,SE4
28145,SE4
28146,SE4
28147,SE4
28148,SE4
28149,SE4
28150,SE4
28151,SE4
28152,SE4
28153,SE4
28154,SE4
28155,SE4
28180,SE4
28181,SE4
28182,SE4
28183,SE4
28185,SE4
28187,SE4
28191,SE4
28192,SE4
28193,SE4
28195,SE4
28197,SE4
28201,SE4
28203,SE4
28204,SE4
28205,SE4
28206,SE4
28221,SE4
28222,SE4
28223,SE4
28224,SE4
28231,SE4
28232,SE4
28233,SE4
28234,SE4
28235,SE4
28261,SE4
28262,SE4
28263,SE4
28264,SE4
28265,SE4
28266,SE4
28267,SE4
28268,SE4
28269,SE4
28271,SE4
28272,SE4
28273,SE4
28274,SE4
28275,SE4
28276,SE4
28291,SE4
28292,SE4
28293,SE4
28294,SE4
28295,SE4
28300,SE4
28301,SE4
28302,SE4
28320,SE4
28321,SE4
28322,SE4
28323,SE4
28331,SE4
28332,SE4
28333,SE4
28334,SE4
28335,SE4
28336,SE4
28341,SE4
28342,SE4
28343,SE4
28344,SE4
28345,SE4
28350,SE4
28371,SE4
28372,SE4
28376,SE4
28380,SE4
28383,SE4
28391,SE4
28393,SE4
28394,SE4
28395,SE4
28396,SE4
28401,SE4
28420,SE4
28421,SE4
28422,SE4
28431,SE4
28432,SE4
28433,SE4
28434,SE4
28435,SE4
28436,SE4
28437,SE4
28438,SE4
28480,SE4
28485,SE4
28491,SE4
28492,SE4
28501,SE4
28520,SE4
28521,SE4
28522,SE4
28523,SE4
28531,SE4
28532,SE4
28533,SE4
28534,SE4
28535,SE4
28536,SE4
28537,SE4
28538,SE4
28539,SE4
28540,SE4
28591,SE4
28593,SE4
28601,SE4
28620,SE4
28621,SE4
28622,SE4
28631,SE4
28632,SE4
28633,SE4
28634,SE4
28635,SE4
28636,SE4
28637,SE4
28638,SE4
28672,SE4
28673,SE4
28674,SE4
28675,SE4
28680,SE4
28685,SE4
28691,SE4
28692,SE4
28695,SE4
28721,SE4
28722,SE4
28731,SE4
28732,SE4
28733,SE4
28734,SE4
28772,SE4
28791,SE4
28792,SE4
28793,SE4
28820,SE4
28821,SE4
28822,SE4
28831,SE4
28832,SE4
28833,SE4
28834,SE4
28890,SE4
28893,SE4
28900,SE4
28903,SE4
28904,SE4
28905,SE4
28906,SE4
28920,SE4
28921,SE4
28931,SE4
28932,SE4
28933,SE4
28940,SE4
28941,SE4
28942,SE4
28943,SE4
28946,SE4
28947,SE4
28950,SE4
28971,SE4
28972,SE4
28973,SE4
28989,SE4
28990,SE4
28992,SE4
28993,SE4
28994,SE4
29030,SE4
29031,SE4
29032,SE4
29033,SE4
29050,SE4
29051,SE4
29100,SE4
29102,SE4
29103,SE4
29105,SE4
29107,SE4
29109,SE4
29111,SE4
29112,SE4
29113,SE4
29115,SE4
29116,SE4
29117,SE4
29120,SE4
29121,SE4
29122,SE4
29123,SE4
29125,SE4
29126,SE4
29128,SE4
29129,SE4
29130,SE4
29131,SE4
29132,SE4
29133,SE4
29134,SE4
29135,SE4
29136,SE4
29137,SE4
29138,SE4
29139,SE4
29140,SE4
29141,SE4
29142,SE4
29143,SE4
29144,SE4
29145,SE4
29146,SE4
29147,SE4
29148,SE4
29149,SE4
29150,SE4
29151,SE4
29153,SE4
29154,SE4
29155,SE4
29156,SE4
29157,SE4
29158,SE4
29159,SE4
29160,SE4
29161,SE4
29162,SE4
29163,SE4
29165,SE4
29166,SE4
29167,SE4
29168,SE4
29169,SE4
29170,SE4
29173,SE4
29175,SE4
29176,SE4
29177,SE4
29180,SE4
29181,SE4
29184,SE4
29185,SE4
29186,SE4
29187,SE4
29188,SE4
29189,SE4
29191,SE4
29192,SE4
29193,SE4
29194,SE4
29195,SE4
29196,SE4
29197,SE4
29198,SE4
29300,SE4
29302,SE4
29320,SE4
29321,SE4
29322,SE4
29323,SE4
29324,SE4
29331,SE4
29332,SE4
29333,SE4
29334,SE4
29335,SE4
29336,SE4
29337,SE4
29338,SE4
29339,SE4
29340,SE4
29341,SE4
29342,SE4
29372,SE4
29373,SE4
29374,SE4
29380,SE4
29391,SE4
29392,SE4
29393,SE4
29394,SE4
29395,SE4
29400,SE4
29407,SE4
29420,SE4
29421,SE4
29422,SE4
29425,SE4
29431,SE4
29432,SE4
29433,SE4
29434,SE4
29435,SE4
29436,SE4
29437,SE4
29438,SE4
29439,SE4
29440,SE4
29471,SE4
29472,SE4
29474,SE4
29475,SE4
29476,SE4
29477,SE4
29480,SE4
29481,SE4
29491,SE4
29492,SE4
29493,SE4
29494,SE4
29495,SE4
29500,SE4
29504,SE4
29520,SE4
29521,SE4
29522,SE4
29531,SE4
29532,SE4
29534,SE4
29535,SE4
29536,SE4
29537,SE4
29538,SE4
29539,SE4
29551,SE4
29572,SE4
29573,SE4
29574,SE4
29580,SE4
29591,SE4
29594,SE4
29600,SE4
29620,SE4
29621,SE4
29622,SE4
29623,SE4
29624,SE4
29625,SE4
29631,SE4
29632,SE4
29633,SE4
29634,SE4
29635,SE4
29637,SE4
29638,SE4
29639,SE4
29641,SE4
29672,SE4
29680,SE4
29681,SE4
29685,SE4
29686,SE4
29691,SE4
29692,SE4
29702,SE4
29721,SE4
29731,SE4
29732,SE4
29772,SE4
29791,SE4
29792,SE4
29794,SE4
29795,SE4
29801,SE4
29820,SE4
29821,SE4
29831,SE4
29832,SE4
29833,SE4
29834,SE4
29891,SE4
29892,SE4
29893,SE4
29894,SE4
29896,SE4
30004,SE4
30007,SE4
30008,SE4
30010,SE4
30102,SE4
30103,SE4
30104,SE4
30105,SE4
30106,SE4
30107,SE4
30108,SE4
30109,SE4
30110,SE4
30116,SE4
30118,SE4
30121,SE4
30122,SE4
30123,SE4
30124,SE4
30125,SE4
30127,SE4
30128,SE4
30180,SE4
30181,SE4
30182,SE4
30185,SE4
30186,SE4
30187,SE4
30201,SE4
30202,SE4
30203,SE4
30204,SE4
30220,SE4
30221,SE4
30222,SE4
30223,SE4
30224,SE4
30225,SE4
30226,SE4
30227,SE4
30228,SE4
30229,SE4
30230,SE4
30231,SE4
30232,SE4
30233,SE4
30234,SE4
30235,SE4
30236,SE4
30237,SE4
30238,SE4
30239,SE4
30240,SE4
30241,SE4
30242,SE4
30243,SE4
30244,SE4
30245,SE4
30246,SE4
30247,SE4
30248,SE4
30249,SE4
30250,SE4
30251,SE4
30252,SE4
30253,SE4
30254,SE4
30255,SE4
30256,SE4
30257,SE4
30258,SE4
30259,SE4
30260,SE4
30261,SE4
30262,SE4
30263,SE4
30264,SE4
30265,SE4
30266,SE4
30267,SE4
30268,SE4
30269,SE4
30270,SE4
30271,SE4
30272,SE4
30273,SE4
30274,SE4
30275,SE4
30276,SE4
30277,SE4
30279,SE4
30283,SE4
30290,SE4
30291,SE4
30292,SE4
30293,SE4
30294,SE4
30295,SE4
30296,SE4
30504,SE4
30505,SE4
30560,SE4
30561,SE4
30564,SE4
30565,SE4
30570,SE4
30571,SE4
30572,SE4
30575,SE4
30576,SE4
30577,SE4
30578,SE4
30591,SE4
30592,SE4
30593,SE4
30594,SE4
30595,SE4
30596,SE4
30597,SE4
30800,SE4
30801,SE4
31100,SE4
31101,SE4
31103,SE4
31105,SE4
31106,SE4
31109,SE4
31110,SE4
31120,SE4
31121,SE4
31122,SE4
31123,SE4
31130,SE4
31131,SE4
31132,SE4
31133,SE4
31134,SE4
31135,SE4
31136,SE4
31137,SE4
31138,SE4
31139,SE4
31140,SE4
31141,SE4
31142,SE4
31143,SE4
31144,SE4
31145,SE4
31146,SE4
31147,SE4
31148,SE4
31150,SE4
31151,SE4
31152,SE4
31154,Unknown
31160,SE4
31161,SE4
31162,SE4
31163,SE4
31164,SE4
31165,SE4
31167,SE4
31168,SE4
31169,SE4
31170,SE4
31171,SE4
31172,SE4
31173,SE4
31174,SE4
31175,SE4
31176,SE4
31177,SE4
31178,SE4
31179,SE4
31180,SE4
31181,SE4
31183,SE4
31184,SE4
31185,SE4
31190,SE4
31191,SE4
31192,SE4
31193,SE4
31194,SE4
31195,SE4
31196,SE4
31197,SE4
31198,Unknown
31199,SE4
31200,SE4
31220,SE4
31221,SE4
31222,SE4
31230,SE4
31231,SE4
31232,SE4
31233,SE4
31234,SE4
31235,SE4
31236,SE4
31240,SE4
31245,SE4
31250,SE4
31251,SE4
31252,SE4
31253,SE4
31260,SE4
31261,SE4
31262,SE4
31271,SE4
31272,SE4
31273,SE4
31275,SE4
31277,SE4
31280,SE4
31291,SE4
31292,SE4
31293,SE4
31294,SE4
31295,SE4
31296,SE4
31297,SE4
31298,SE4
31320,SE4
31321,SE4
31322,SE4
31330,SE4
31331,SE4
31332,SE4
31333,SE4
31350,SE4
31391,SE4
31392,SE4
31393,SE4
31394,SE4
31395,SE4
31396,SE4
31397,SE4
31401,SE4
31403,SE4
31404,SE4
31405,SE4
31420,SE4
31421,SE4
31422,SE4
31431,SE4
31432,SE4
31434,SE4
31441,SE4
31442,SE4
31451,SE4
31452,SE4
31480,SE4
31481,SE4
31482,SE4
31491,SE4
31492,SE4
31494,SE4
31495,SE4
31496,SE4
33101,SE4
33102,SE4
33103,SE4
33104,SE4
33120,SE4
33121,SE4
33122,SE4
33123,SE4
33124,SE4
33125,SE4
33126,SE4
33127,SE4
33129,SE4
33130,SE4
33131,SE4
33132,SE4
33133,SE4
33134,SE4
33135,SE4
33136,SE4
33137,SE4
33140,SE4
33141,SE4
33142,SE4
33143,SE4
33144,SE4
33150,SE4
33151,SE4
33152,SE4
33153,SE4
33154,SE4
33155,SE4
33156,SE4
33171,SE4
33172,SE4
33173,SE4
33174,SE4
33176,SE4
33177,SE4
33179,SE4
33182,SE4
33183,SE4
33184,SE4
33185,SE4
33191,SE4
33192,SE4
33193,SE4
33194,SE4
33195,SE4
33196,SE4
33197,SE4
33198,SE4
33201,SE4
33220,SE4
33221,SE4
33222,SE4
33223,SE4
33224,SE4
33225,SE4
33228,SE4
33230,SE4
33231,SE4
33232,SE4
33233,SE4
33234,SE4
33235,SE4
33236,SE4
33237,SE4
33238,SE4
33280,SE4
33291,SE4
33292,SE4
33301,SE4
33302,SE4
33303,SE4
33304,SE4
33320,SE4
33321,SE4
33322,SE4
33323,SE4
33324,SE4
33328,SE4
33330,SE4
33331,SE4
33332,SE4
33333,SE4
33371,SE4
33372,SE4
33373,SE4
33374,SE4
33375,SE4
33376,SE4
33377,SE4
33378,SE4
33391,SE4
33392,SE4
33393,SE4
33420,SE4
33421,SE4
33422,SE4
33423,SE4
33424,SE4
33425,SE4
33431,SE4
33432,SE4
33433,SE4
33435,SE4
33491,SE4
33501,SE4
33503,SE3
33504,SE4
33520,SE4
33521,SE4
33522,SE4
33523,SE4
33524,SE4
33525,SE4
33528,SE4
33530,SE4
33531,SE4
33532,SE4
33533,SE4
33571,SE3
33572,SE3
33573,SE4
33574,SE4
33580,SE4
33591,SE4
33592,SE4
33593,SE4
33594,SE4
33595,SE4
33596,SE4
34101,SE4
34102,SE4
34104,SE4
34105,SE4
34106,SE4
34107,SE4
34108,SE4
34109,SE4
34110,SE4
34111,SE4
34112,SE4
34114,SE4
34116,SE4
34117,SE4
34118,SE4
34120,SE4
34121,SE4
34122,SE4
34123,SE4
34124,SE4
34125,SE4
34126,SE4
34131,SE4
34132,SE4
34133,SE4
34134,SE4
34135,SE4
34136,SE4
34137,SE4
34138,SE4
34139,SE4
34140,SE4
34141,SE4
34142,SE4
34143,SE4
34144,SE4
34150,SE4
34151,SE4
34152,SE4
34155,SE4
34160,SE4
34170,SE4
34171,SE4
34172,SE4
34173,SE4
34174,SE4
34175,SE4
34176,SE4
34177,SE4
34180,SE4
34181,SE4
34182,SE4
34183,SE4
34184,SE4
34185,SE4
34191,SE4
34193,SE4
34194,SE4
34196,SE4
34200,SE4
34201,SE4
34205,SE4
34210,SE4
34211,SE4
34220,SE4
34221,SE4
34222,SE4
34223,SE4
34230,SE4
34231,SE4
34232,SE4
34233,SE4
34234,SE4
34235,SE4
34236,SE4
34250,SE4
34251,SE4
34252,SE4
34253,SE4
34254,SE4
34255,SE4
34260,SE4
34261,SE4
34262,SE4
34263,SE4
34264,SE4
34265,SE4
34280,SE4
34290,SE4
34291,SE4
34292,SE4
34293,SE4
34294,SE4
34301,SE4
34320,SE4
34321,SE4
34322,SE4
34323,SE4
34324,SE4
34330,SE4
34331,SE4
34332,SE4
34333,SE4
34334,SE4
34335,SE4
34336,SE4
34337,SE4
34338,SE4
34371,SE4
34372,SE4
34373,SE4
34374,SE4
34375,SE4
34376,SE4
34381,SE4
34382,SE4
34390,SE4
34391,SE4
34392,SE4
34393,SE4
34394,SE4
34395,SE4
34396,SE4
34397,SE4
35002,SE4
35003,SE4
35004,SE4
35005,SE4
35007,SE4
35008,SE4
35033,SE4
35043,SE4
35053,SE4
35101,SE4
35102,SE4
35103,SE4
35104,SE4
35105,SE4
35106,SE4
35108,SE4
35112,SE4
35115,SE4
35121,SE4
35123,SE4
35124,SE4
35125,SE4
35126,SE4
35127,SE4
35128,SE4
35129,SE4
35170,SE4
35180,SE4
35181,SE4
35184,SE4
35185,SE4
35186,SE4
35187,SE4
35188,SE4
35189,SE4
35194,SE4
35195,SE4
35196,SE4
35197,SE4
35220,SE4
35221,SE4
35222,SE4
35223,SE4
35229,SE4
35230,SE4
35231,SE4
35232,SE4
35233,SE4
35234,SE4
35235,SE4
35236,SE4
35237,SE4
35238,SE4
35239,SE4
35240,SE4
35241,SE4
35242,SE4
35243,SE4
35244,SE4
35245,SE4
35246,SE4
35247,SE4
35248,SE4
35249,SE4
35250,SE4
35251,SE4
35252,SE4
35253,SE4
35254,SE4
35255,SE4
35256,SE4
35257,SE4
35258,SE4
35259,SE4
35260,SE4
35261,SE4
35262,SE4
35263,SE4
35264,SE4
35265,SE4
35266,SE4
35270,SE4
35271,SE4
35272,SE4
35273,SE4
35274,SE4
35571,SE4
35572,SE4
35573,SE4
35574,SE4
35575,SE4
35591,SE4
35592,SE4
35593,SE4
35594,SE4
35595,SE4
35596,SE4
35597,SE4
35598,SE4
35599,SE4
35801,SE4
35803,SE4
35810,SE4
35811,SE4
35812,SE4
35930,SE4
35940,SE4
35970,SE4
35999,SE4
36101,SE4
36120,SE4
36121,SE4
36122,SE4
36130,SE4
36131,SE4
36132,SE4
36133,SE4
36142,SE4
36153,SE4
36154,SE4
36180,SE4
36191,SE4
36192,SE4
36193,SE4
36194,SE4
36195,SE4
36196,SE4
36197,SE4
36200,SE4
36201,SE4
36220,SE4
36221,SE4
36222,SE4
36230,SE4
36231,SE4
36232,SE4
36240,SE4
36250,SE4
36251,SE4
36252,SE4
36253,SE4
36254,SE4
36256,SE4
36257,SE4
36258,SE4
36291,SE4
36292,SE4
36293,SE4
36294,SE4
36295,SE4
36296,SE4
36297,SE4
36298,SE4
36303,SE4
36321,SE4
36330,SE4
36331,SE4
36333,SE4
36334,SE4
36335,SE4
36341,SE4
36342,SE4
36344,SE4
36345,SE4
36391,SE4
36392,SE4
36393,SE4
36394,SE4
36403,SE4
36404,SE4
36421,SE4
36430,SE4
36431,SE4
36433,SE4
36441,SE4
36442,SE4
36443,SE4
36444,SE4
36445,SE4
36491,SE4
36492,SE4
36493,SE4
36495,SE4
36496,SE4
36497,SE4
36531,SE4
36532,SE4
36533,SE4
36541,SE4
36542,SE4
36543,SE4
36544,SE4
36591,SE4
36592,SE4
36593,SE4
36594,SE4
37100,Unknown
37101,Unknown
37102,Unknown
37104,Unknown
37106,Unknown
37108,Unknown
37110,Unknown
37111,Unknown
37112,Unknown
37113,Unknown
37114,Unknown
37115,Unknown
37116,Unknown
37118,Unknown
37120,Unknown
37121,Unknown
37122,Unknown
37123,Unknown
37124,Unknown
37125,Unknown
37129,Unknown
37130,Unknown
37131,Unknown
37132,Unknown
37133,Unknown
37134,Unknown
37135,Unknown
37136,Unknown
37137,Unknown
37138,Unknown
37139,Unknown
37140,Unknown
37141,Unknown
37142,Unknown
37143,Unknown
37144,Unknown
37145,Unknown
37146,Unknown
37147,Unknown
37148,Unknown
37149,Unknown
37150,Unknown
37151,Unknown
37152,Unknown
37153,Unknown
37154,Unknown
37155,Unknown
37156,Unknown
37157,Unknown
37160,SE4
37161,SE4
37162,SE4
37163,SE4
37164,SE4
37165,SE4
37175,Unknown
37179,Unknown
37180,Unknown
37181,Unknown
37182,Unknown
37183,Unknown
37184,Unknown
37185,Unknown
37186,Unknown
37187,Unknown
37188,Unknown
37189,Unknown
37191,Unknown
37192,Unknown
37193,Unknown
37194,SE4
37200,SE4
37201,SE4
37202,SE4
37206,SE4
37220,SE4
37221,SE4
37222,SE4
37225,SE4
37229,SE4
37230,SE4
37231,SE4
37232,SE4
37233,SE4
37234,SE4
37235,SE4
37236,SE4
37237,SE4
37238,SE4
37239,SE4
37240,SE4
37250,SE4
37251,SE4
37252,SE4
37253,SE4
37260,SE4
37261,SE4
37262,SE4
37263,SE4
37273,SE4
37274,SE4
37275,SE4
37276,SE4
37277,SE4
37278,SE4
37280,SE4
37281,SE4
37290,SE4
37291,SE4
37292,SE4
37293,SE4
37294,SE4
37295,SE4
37296,SE4
37297,SE4
37298,SE4
37303,SE4
37304,SE4
37305,SE4
37306,SE4
37307,Unknown
37320,Unknown
37330,SE4
37331,SE4
37332,SE4
37333,SE4
37334,SE4
37335,SE4
37336,SE4
37337,SE4
37338,SE4
37339,SE4
37340,SE4
37341,SE4
37342,SE4
37343,SE4
37344,SE4
37345,SE4
37346,SE4
37351,SE4
37352,SE4
37353,SE4
37354,SE4
37361,Unknown
37362,Unknown
37363,SE4
37364,Unknown
37365,Unknown
37366,Unknown
37371,SE4
37372,SE4
37373,SE4
37374,SE4
37375,SE4
37377,SE4
37378,SE4
37379,SE4
37400,Unknown
37401,Unknown
37402,SE4
37420,Unknown
37421,Unknown
37422,Unknown
37423,Unknown
37424,Unknown
37430,Unknown
37431,Unknown
37432,Unknown
37433,Unknown
37434,Unknown
37435,Unknown
37436,Unknown
37437,Unknown
37438,Unknown
37439,Unknown
37440,Unknown
37441,Unknown
37450,SE4
37451,SE4
37452,SE4
37453,SE4
37454,SE4
37470,SE4
37480,Unknown
37481,Unknown
37482,Unknown
37483,Unknown
37491,SE4
37492,SE4
37493,Unknown
37494,SE4
37495,SE4
37496,SE4
37521,SE4
37522,SE4
37530,SE4
37531,SE4
37532,SE4
37533,SE4
37534,SE4
37585,SE4
37586,SE4
37590,SE4
37591,SE4
37623,SE4
37635,SE4
37636,SE4
37637,SE4
37681,SE4
37682,SE4
37692,SE4
37693,SE4
38201,SE4
38220,SE4
38221,SE4
38222,SE4
38223,SE4
38224,SE4
38228,SE4
38230,SE4
38231,SE4
38232,SE4
38233,SE4
38234,SE4
38235,SE4
38236,SE4
38237,SE4
38238,SE4
38239,SE4
38240,SE4
38241,SE4
38242,SE4
38243,SE4
38244,SE4
38245,SE4
38246,SE4
38271,SE4
38272,SE4
38273,SE4
38274,SE4
38275,SE4
38276,SE4
38280,SE4
38290,SE4
38291,SE4
38292,SE4
38293,SE4
38294,SE4
38296,SE4
38301,SE4
38320,SE4
38321,SE4
38322,SE4
38323,SE4
38324,SE4
38325,SE4
38330,SE4
38331,SE4
38332,SE4
38333,SE4
38334,SE4
38335,SE4
38336,SE4
38337,SE4
38338,SE4
38339,SE4
38391,SE4
38392,SE4
38402,SE4
38421,SE4
38422,SE4
38430,SE4
38431,SE4
38440,SE4
38471,SE4
38472,SE4
38473,SE4
38491,SE4
38492,SE4
38493,SE4
38501,SE4
38502,SE4
38503,SE4
38520,SE4
38521,SE4
38522,SE4
38525,SE4
38530,SE4
38531,SE4
38532,SE4
38533,SE4
38534,SE4
38540,SE4
38550,SE4
38551,SE4
38590,SE4
38591,SE4
38592,SE4
38593,SE4
38594,SE4
38595,SE4
38597,SE4
38598,SE4
38599,SE4
38601,Unknown
38602,Unknown
38620,Unknown
38621,Unknown
38622,Unknown
38623,Unknown
38630,Unknown
38631,Unknown
38632,Unknown
38633,Unknown
38634,Unknown
38635,Unknown
38650,Unknown
38651,Unknown
38660,Unknown
38661,Unknown
38662,Unknown
38663,Unknown
38664,Unknown
38680,Unknown
38690,Unknown
38692,Unknown
38693,Unknown
38694,Unknown
38695,Unknown
38696,Unknown
38701,SE4
38703,SE4
38704,Unknown
38720,SE4
38721,SE4
38722,SE4
38723,SE4
38724,SE4
38731,SE4
38732,SE4
38733,SE4
38734,SE4
38735,SE4
38736,SE4
38737,SE4
38750,SE4
38752,SE4
38770,SE4
38771,SE4
38772,SE4
38773,SE4
38774,SE4
38775,Unknown
38788,SE4
38790,SE4
38791,SE4
38792,SE4
38793,SE4
38794,SE4
38795,SE4
38796,SE4
38804,SE4
38820,SE4
38830,SE4
38831,SE4
38832,SE4
38840,SE4
38841,SE4
38850,SE4
38891,SE4
38892,SE4
38893,SE4
38894,SE4
38896,SE4
38897,SE4
38898,SE4
38899,SE4
39004,Unknown
39006,Unknown
39008,Unknown
39100,Unknown
39120,Unknown
39121,Unknown
39122,Unknown
39123,Unknown
39125,Unknown
39126,Unknown
39127,Unknown
39128,Unknown
39129,Unknown
39182,Unknown
39183,Unknown
39184,Unknown
39185,Unknown
39186,Unknown
39187,Unknown
39188,Unknown
39230,Unknown
39231,Unknown
39232,Unknown
39233,Unknown
39234,Unknown
39235,Unknown
39236,Unknown
39237,Unknown
39238,Unknown
39239,Unknown
39240,Unknown
39241,Unknown
39242,Unknown
39243,Unknown
39244,Unknown
39245,Unknown
39246,Unknown
39247,Unknown
39248,Unknown
39249,Unknown
39250,Unknown
39251,Unknown
39252,Unknown
39300,Unknown
39349,Unknown
39350,Unknown
39351,Unknown
39352,Unknown
39353,Unknown
39354,Unknown
39355,Unknown
39356,Unknown
39357,Unknown
39358,Unknown
39359,Unknown
39360,Unknown
39361,Unknown
39363,Unknown
39364,Unknown
39365,Unknown
39366,Unknown
39470,Unknown
39471,Unknown
39474,Unknown
39477,Unknown
39590,Unknown
39591,Unknown
39592,Unknown
39593,Unknown
39594,Unknown
39595,Unknown
39597,Unknown
39598,Unknown
39800,Unknown
39809,Unknown
39810,Unknown
39811,Unknown
40010,SE3
40012,SE3
40013,SE3
40014,SE3
40015,SE3
40016,SE3
40020,SE3
40022,SE3
40024,SE3
40025,SE3
40031,SE3
40032,SE3
40040,SE3
40043,SE3
40050,SE3
40053,SE3
40060,SE3
40070,SE3
40072,SE3
40090,SE3
40091,SE3
40092,SE3
40093,SE3
40094,SE3
40095,SE3
40096,SE3
40097,SE3
40099,SE3
40110,SE3
40120,SE3
40121,SE3
40122,SE3
40123,SE3
40124,SE3
40125,SE3
40126,SE3
40127,SE3
40150,SE3
40151,SE3
40180,SE3
40182,SE3
40183,SE3
40184,SE3
40220,SE3
40221,SE3
40222,SE3
40223,SE3
40224,SE3
40225,SE3
40226,SE3
40227,SE3
40228,SE3
40229,SE3
40231,SE3
40232,SE3
40233,SE3
40234,SE3
40235,SE3
40236,SE3
40241,SE3
40242,SE3
40251,SE3
40252,SE3
40257,SE3
40258,SE3
40259,SE3
40261,SE3
40271,SE3
40272,SE3
40273,SE3
40274,SE3
40275,SE3
40276,SE3
40277,SE3
40278,SE3
40300,SE3
40310,SE3
40311,SE3
40312,SE3
40313,SE3
40314,SE3
40315,SE3
40316,SE3
40317,SE3
40320,SE3
40330,SE3
40331,SE3
40332,SE3
40336,SE3
40338,SE3
40339,SE3
40340,SE3
40420,SE3
40421,SE3
40422,SE3
40423,SE3
40424,SE3
40425,SE3
40426,SE3
40427,SE3
40428,SE3
40429,SE3
40430,SE3
40439,SE3
40480,SE3
40482,SE3
40483,SE3
40484,SE3
40485,SE3
40500,SE3
40502,SE3
40503,SE3
40504,SE3
40505,SE3
40507,SE3
40508,SE3
40509,SE3
40510,SE3
40512,SE3
40513,SE3
40514,SE3
40515,SE3
40516,SE3
40518,SE3
40519,SE3
40520,SE3
40521,SE3
40522,SE3
40523,SE3
40530,SE3
40531,SE3
40532,SE3
40533,SE3
40535,SE3
40536,SE3
40537,SE3
40538,SE3
40540,SE3
40544,SE3
40545,SE3
40550,SE3
40570,SE3
40583,SE3
40590,SE3
40800,SE3
40830,SE3
40901,SE3
40912,SE3
40917,SE3
40926,SE3
40927,SE3
41100,SE3
41101,SE3
41102,SE3
41103,SE3
41104,SE3
41105,SE3
41106,SE3
41107,SE3
41108,SE3
41109,SE3
41110,SE3
41111,SE3
41112,SE3
41113,SE3
41114,SE3
41115,SE3
41116,SE3
41117,SE3
41118,SE3
41119,SE3
41120,SE3
41121,SE3
41122,SE3
41123,SE3
41124,SE3
41125,SE3
41126,SE3
41127,SE3
41128,SE3
41129,SE3
41130,SE3
41131,SE3
41132,SE3
41133,SE3
41134,SE3
41135,SE3
41136,SE3
41137,SE3
41138,SE3
41139,SE3
41140,SE3
41141,SE3
41142,SE3
41143,SE3
41181,SE3
41221,SE3
41249,SE3
41250,SE3
41251,SE3
41252,SE3
41253,SE3
41254,SE3
41255,SE3
41256,SE3
41257,SE3
41258,SE3
41259,SE3
41260,SE3
41261,SE3
41262,SE3
41263,SE3
41264,SE3
41265,SE3
41266,SE3
41267,SE3
41268,SE3
41269,SE3
41270,SE3
41271,SE3
41272,SE3
41273,SE3
41274,SE3
41275,SE3
41276,SE3
41277,SE3
41278,SE3
41279,SE3
41280,SE3
41281,SE3
41282,SE3
41285,SE3
41286,SE3
41288,SE3
41289,SE3
41290,SE3
41292,SE3
41293,SE3
41294,SE3
41295,SE3
41296,SE3
41297,SE3
41298,SE3
41299,SE3
41300,SE3
41301,SE3
41302,SE3
41303,SE3
41304,SE3
41305,SE3
41306,SE3
41307,SE3
41308,SE3
41309,SE3
41310,SE3
41311,SE3
41312,SE3
41313,SE3
41314,SE3
41315,SE3
41316,SE3
41317,SE3
41318,SE3
41319,SE3
41320,SE3
41321,SE3
41322,SE3
41323,SE3
41324,SE3
41325,SE3
41326,SE3
41327,SE3
41328,SE3
41345,SE3
41346,SE3
41380,SE3
41382,SE3
41390,SE3
41420,SE3
41450,SE3
41451,SE3
41452,SE3
41453,SE3
41454,SE3
41455,SE3
41456,SE3
41457,SE3
41458,SE3
41459,SE3
41460,SE3
41461,SE3
41462,SE3
41463,SE3
41464,SE3
41465,SE3
41466,SE3
41467,SE3
41468,SE3
41469,SE3
41470,SE3
41471,SE3
41472,SE3
41473,SE3
41474,SE3
41475,SE3
41476,SE3
41477,SE3
41478,SE3
41479,SE3
41480,SE3
41481,SE3
41482,SE3
41483,SE3
41484,SE3
41500,SE3
41502,SE3
41505,SE3
41511,SE3
41512,SE3
41513,SE3
41514,SE3
41515,SE3
41516,SE3
41517,SE3
41522,SE3
41523,SE3
41524,SE3
41525,SE3
41526,SE3
41527,SE3
41528,SE3
41531,SE3
41532,SE3
41533,SE3
41534,SE3
41535,SE3
41536,SE3
41537,SE3
41538,SE3
41541,SE3
41542,SE3
41543,SE3
41544,SE3
41545,SE3
41546,SE3
41547,SE3
41548,SE3
41550,SE3
41551,SE3
41552,SE3
41553,SE3
41554,SE3
41555,SE3
41556,SE3
41557,SE3
41561,SE3
41562,SE3
41563,SE3
41564,SE3
41565,SE3
41566,SE3
41567,SE3
41568,SE3
41571,SE3
41572,SE3
41573,SE3
41574,SE3
41582,SE3
41599,SE3
41600,SE3
41647,SE3
41648,SE3
41649,SE3
41650,SE3
41651,SE3
41652,SE3
41653,SE3
41654,SE3
41655,SE3
41656,SE3
41657,SE3
41658,SE3
41659,SE3
41660,SE3
41661,SE3
41662,SE3
41663,SE3
41664,SE3
41665,SE3
41666,SE3
41667,SE3
41668,SE3
41669,SE3
41670,SE3
41671,SE3
41672,SE3
41673,SE3
41674,SE3
41675,SE3
41676,SE3
41677,SE3
41678,SE3
41679,SE3
41680,SE3
41681,SE3
41682,SE3
41685,SE3
41699,SE3
41701,SE3
41702,SE3
41703,SE3
41704,SE3
41705,SE3
41706,SE3
41707,SE3
41708,SE3
41709,SE3
41710,SE3
41711,SE3
41712,SE3
41713,SE3
41714,SE3
41715,SE3
41716,SE3
41717,SE3
41718,SE3
41720,SE3
41721,SE3
41722,SE3
41723,SE3
41724,SE3
41725,SE3
41726,SE3
41727,SE3
41728,SE3
41729,SE3
41730,SE3
41739,SE3
41740,SE3
41741,SE3
41742,SE3
41743,SE3
41744,SE3
41745,SE3
41746,SE3
41747,SE3
41748,SE3
41749,SE3
41750,SE3
41752,SE3
41753,SE3
41755,SE3
41756,SE3
41757,SE3
41758,SE3
41760,SE3
41761,SE3
41762,SE3
41763,SE3
41764,SE3
41765,SE3
41766,SE3
41767,SE3
41768,SE3
41769,SE3
41770,SE3
41779,SE3
41780,SE3
41785,SE3
41800,SE3
41802,SE3
41804,SE3
41812,SE3
41821,SE3
41822,SE3
41823,SE3
41824,SE3
41830,SE3
41831,SE3
41832,SE3
41833,SE3
41834,SE3
41835,SE3
41836,SE3
41837,SE3
41838,SE3
41839,SE3
41840,SE3
41841,SE3
41842,SE3
41843,SE3
41870,SE3
41871,SE3
41872,SE3
41873,SE3
41874,SE3
41875,SE3
41876,SE3
41877,SE3
41878,SE3
41879,SE3
42100,SE3
42102,SE3
42108,SE3
42120,SE3
42121,SE3
42122,SE3
42123,SE3
42130,SE3
42131,SE3
42132,SE3
42133,SE3
42134,SE3
42135,SE3
42137,SE3
42138,SE3
42139,SE3
42140,SE3
42141,SE3
42142,SE3
42143,SE3
42144,SE3
42145,SE3
42146,SE3
42147,SE3
42148,SE3
42149,SE3
42150,SE3
42151,SE3
42152,SE3
42153,SE3
42154,SE3
42157,SE3
42158,SE3
42159,SE3
42160,SE3
42161,SE3
42162,SE3
42163,SE3
42164,SE3
42165,SE3
42166,SE3
42167,SE3
42170,SE3
42171,SE3
42172,SE3
42173,SE3
42174,SE3
42200,SE3
42202,SE3
42203,SE3
42204,SE3
42210,SE3
42220,SE3
42241,SE3
42242,SE3
42243,SE3
42244,SE3
42245,SE3
42246,SE3
42247,SE3
42248,SE3
42249,SE3
42250,SE3
42251,SE3
42252,SE3
42253,SE3
42254,SE3
42255,SE3
42256,SE3
42257,SE3
42258,SE3
42259,SE3
42280,SE3
42300,SE3
42320,SE3
42321,SE3
42322,SE3
42323,SE3
42332,SE3
42333,SE3
42334,SE3
42336,SE3
42337,SE3
42338,SE3
42339,SE3
42340,SE3
42341,SE3
42342,SE3
42343,SE3
42346,SE3
42347,SE3
42349,SE3
42350,SE3
42351,SE3
42352,SE3
42353,SE3
42354,SE3
42355,SE3
42356,SE3
42359,SE3
42361,SE3
42363,SE3
42370,SE3
42371,SE3
42372,SE3
42373,SE3
42400,SE3
42401,SE3
42402,SE3
42420,SE3
42421,SE3
42422,SE3
42423,SE3
42424,SE3
42431,SE3
42432,SE3
42433,SE3
42434,SE3
42435,SE3
42436,SE3
42437,SE3
42438,SE3
42439,SE3
42440,SE3
42441,SE3
42442,SE3
42443,SE3
42444,SE3
42445,SE3
42446,SE3
42447,SE3
42448,SE3
42449,SE3
42450,SE3
42453,SE3
42454,SE3
42455,SE3
42456,SE3
42457,SE3
42461,SE3
42465,SE3
42466,SE3
42467,SE3
42468,SE3
42469,SE3
42470,SE3
42471,SE3
42472,SE3
42480,SE3
42490,SE3
42491,SE3
42500,SE3
42502,SE3
42508,SE3
42530,SE3
42531,SE3
42532,SE3
42533,SE3
42534,SE3
42535,SE3
42536,SE3
42537,SE3
42538,SE3
42539,SE3
42541,SE3
42542,SE3
42543,SE3
42565,SE3
42600,SE3
42604,SE3
42605,SE3
42620,SE3
42650,SE3
42651,SE3
42652,SE3
42653,SE3
42654,SE3
42655,SE3
42656,SE3
42658,SE3
42659,SE3
42668,SE3
42669,SE3
42670,SE3
42671,SE3
42672,SE3
42673,SE3
42674,SE3
42676,SE3
42677,SE3
42679,SE3
42680,SE3
42700,SE4
42720,SE4
42721,SE4
42722,SE4
42723,SE4
42734,SE4
42735,SE4
42736,SE4
42737,SE4
42738,SE4
42739,SE4
42740,SE4
42750,SE4
42821,SE3
42822,SE3
42830,SE3
42831,SE3
42832,SE3
42833,SE3
42834,SE3
42835,SE3
42836,SE3
42837,SE3
42880,SE3
42881,SE3
42911,Unknown
42912,Unknown
42913,Unknown
42921,SE4
42922,SE4
42923,SE4
42930,SE4
42931,SE4
42932,SE4
42933,SE4
42934,SE4
42935,SE4
42941,Unknown
42942,Unknown
42943,Unknown
42944,Unknown
42980,Unknown
43080,Unknown
43081,Unknown
43082,Unknown
43083,Unknown
43084,Unknown
43085,Unknown
43100,SE3
43102,SE3
43104,SE3
43119,SE3
43120,SE3
43121,SE3
43122,SE3
43123,SE3
43124,SE3
43125,SE3
43126,SE3
43130,SE3
43131,SE3
43132,SE3
43133,SE3
43134,SE3
43135,SE3
43136,SE3
43137,SE3
43138,SE3
43139,SE3
43140,SE3
43141,SE3
43142,SE3
43143,SE3
43144,SE3
43145,SE3
43146,SE3
43147,SE3
43148,SE3
43149,SE3
43150,SE3
43151,SE3
43153,SE3
43159,SE3
43160,SE3
43161,SE3
43162,SE3
43163,SE3
43164,SE3
43166,SE3
43167,SE3
43168,SE3
43169,SE3
43180,SE3
43182,SE3
43183,SE3
43184,SE3
43185,SE3
43186,SE3
43187,SE3
43190,SE3
43200,SE4
43201,SE4
43202,SE4
43203,SE4
43205,SE4
43206,SE4
43207,SE4
43208,SE4
43210,SE4
43213,SE4
43214,SE4
43215,SE4
43216,SE4
43217,SE4
43218,SE4
43219,SE4
43221,SE4
43222,SE4
43223,SE4
43224,SE4
43225,SE4
43230,SE4
43231,SE4
43232,SE4
43233,SE4
43234,SE4
43235,SE4
43236,SE4
43237,SE4
43238,SE4
43239,SE4
43240,SE4
43241,SE4
43242,SE4
43243,SE4
43244,SE4
43245,SE4
43246,SE4
43247,SE4
43248,SE4
43250,SE4
43251,SE4
43252,SE4
43253,SE4
43254,SE4
43255,SE4
43256,SE4
43257,SE4
43263,SE4
43264,SE4
43265,SE4
43266,SE4
43267,SE4
43268,SE4
43269,SE4
43274,SE4
43275,SE4
43276,SE4
43277,SE4
43278,SE4
43279,SE4
43280,SE4
43281,SE4
43282,SE4
43284,SE4
43285,SE4
43286,SE4
43287,SE4
43289,SE4
43291,SE4
43292,SE4
43293,SE4
43294,SE4
43295,SE4
43296,SE4
43297,SE4
43298,SE4
43299,SE4
43300,SE3
43302,SE3
43320,SE3
43321,SE3
43322,SE3
43323,SE3
43324,SE3
43325,SE3
43326,SE3
43328,SE3
43330,SE3
43331,SE3
43332,SE3
43333,SE3
43334,SE3
43335,SE3
43336,SE3
43337,SE3
43338,SE3
43339,SE3
43341,SE3
43342,SE3
43343,SE3
43344,SE3
43345,SE3
43346,SE3
43347,SE3
43348,SE3
43349,SE3
43350,SE3
43351,SE3
43352,SE3
43353,SE3
43360,SE3
43361,SE3
43362,SE3
43363,SE3
43364,SE3
43365,SE3
43366,SE3
43367,SE3
43368,SE3
43369,SE3
43370,SE3
43375,SE3
43376,SE3
43381,SE3
43382,SE3
43383,SE3
43384,SE3
43386,SE3
43400,SE4
43420,SE4
43421,SE4
43422,SE4
43423,SE4
43424,SE4
43430,SE4
43431,SE4
43432,SE4
43433,SE4
43434,SE4
43435,SE4
43436,SE4
43437,SE4
43439,SE4
43440,SE4
43441,SE4
43442,SE4
43443,SE4
43444,SE4
43445,SE4
43446,SE4
43447,SE4
43448,SE4
43450,SE4
43451,SE4
43452,SE4
43460,SE4
43479,SE4
43480,SE4
43481,SE4
43490,SE4
43491,SE4
43492,SE4
43493,SE4
43494,SE4
43495,SE4
43496,SE4
43497,SE4
43498,SE4
43499,SE4
43500,SE3
43501,SE3
43520,SE3
43521,SE3
43522,SE3
43523,SE3
43524,SE3
43525,SE3
43530,SE3
43531,SE3
43532,SE3
43533,SE3
43535,SE3
43537,SE3
43538,SE3
43539,SE3
43540,SE3
43541,SE3
43542,SE3
43543,SE3
43544,SE3
43580,SE3
43582,SE3
43583,SE3
43587,SE3
43588,SE3
43600,SE3
43602,SE3
43620,SE3
43621,SE3
43622,SE3
43623,SE3
43632,SE3
43633,SE3
43634,SE3
43635,SE3
43636,SE3
43637,SE3
43638,SE3
43639,SE3
43640,SE3
43642,SE3
43643,SE3
43644,SE3
43645,SE3
43650,SE3
43651,SE3
43652,SE3
43653,SE3
43654,SE3
43655,SE3
43656,SE3
43657,SE3
43658,SE3
43700,SE4
43720,SE4
43721,SE4
43722,SE4
43730,SE4
43731,SE4
43732,SE4
43733,SE4
43734,SE4
43735,SE4
43736,SE4
43738,SE4
43740,SE4
43741,SE4
43742,SE4
43791,SE4
43792,SE4
43793,SE4
43805,SE3
43807,SE3
43808,SE3
43809,SE3
43811,SE3
43812,SE3
43813,SE3
43814,SE3
43820,SE3
43821,SE3
43822,SE3
43823,SE3
43832,SE3
43833,SE3
43834,SE3
43835,SE3
43836,SE3
43838,SE3
43839,SE3
43851,SE3
43852,SE3
43853,SE3
43854,SE3
43870,SE3
43880,SE3
43881,SE3
43891,SE3
43892,SE3
43893,SE3
43894,SE3
43895,SE3
43896,SE3
43897,SE3
43898,SE3
43900,Unknown
43903,SE4
43905,Unknown
43908,SE4
43921,Unknown
43930,Unknown
43931,Unknown
43932,Unknown
43933,Unknown
43934,Unknown
43935,Unknown
43936,Unknown
43937,Unknown
43951,Unknown
43952,Unknown
43953,Unknown
43954,Unknown
43955,Unknown
43961,SE4
43962,SE4
43963,SE4
43964,SE4
43965,Unknown
43971,SE4
43972,SE4
43973,SE4
43974,SE4
43975,SE4
43991,Unknown
43992,Unknown
43993,Unknown
43994,Unknown
44100,SE3
44111,SE3
44115,SE3
44116,SE3
44117,SE3
44118,SE3
44120,SE3
44121,SE3
44122,SE3
44123,SE3
44124,SE3
44125,SE3
44126,SE3
44127,SE3
44128,SE3
44129,SE3
44130,SE3
44131,SE3
44132,SE3
44133,SE3
44134,SE3
44135,SE3
44136,SE3
44137,SE3
44138,SE3
44139,SE3
44140,SE3
44141,SE3
44142,SE3
44143,SE3
44144,SE3
44145,SE3
44146,SE3
44150,SE3
44151,SE3
44155,SE3
44156,SE3
44157,SE3
44158,SE3
44160,SE3
44163,SE3
44165,SE3
44170,SE3
44171,SE3
44172,SE3
44173,SE3
44174,SE3
44175,SE3
44180,SE3
44181,SE3
44183,SE3
44184,SE3
44185,SE3
44186,SE3
44191,SE3
44192,SE3
44193,SE3
44194,SE3
44195,SE3
44196,SE3
44200,SE3
44202,SE3
44210,SE3
44211,SE3
44215,SE3
44216,SE3
44217,SE3
44218,SE3
44219,Unknown
44220,SE3
44230,SE3
44231,SE3
44232,SE3
44233,SE3
44234,SE3
44235,SE3
44236,SE3
44237,SE3
44238,SE3
44239,SE3
44240,SE3
44241,SE3
44242,SE3
44243,SE3
44244,SE3
44245,SE3
44246,SE3
44247,SE3
44248,SE3
44249,SE3
44250,SE3
44251,SE3
44252,SE3
44253,SE3
44254,SE3
44255,SE3
44260,SE3
44265,Unknown
44266,Unknown
44267,Unknown
44270,SE3
44271,SE3
44272,SE3
44273,SE3
44274,SE3
44275,SE3
44277,SE3
44280,SE3
44281,SE3
44282,SE3
44283,SE3
44284,SE3
44290,SE3
44291,SE3
44292,SE3
44293,SE3
44294,SE3
44295,SE3
44296,SE3
44297,SE3
44298,SE3
44300,SE3
44303,SE3
44311,SE3
44312,SE3
44313,SE3
44315,SE3
44320,SE3
44321,SE3
44322,SE3
44323,SE3
44324,SE3
44325,SE3
44330,SE3
44331,SE3
44332,SE3
44333,SE3
44334,SE3
44335,SE3
44336,SE3
44338,SE3
44339,SE3
44340,SE3
44341,SE3
44342,SE3
44343,SE3
44344,SE3
44345,SE3
44350,SE3
44351,SE3
44360,SE3
44361,SE3
44370,SE3
44371,SE3
44372,SE3
44373,SE3
44374,SE3
44380,SE3
44391,SE3
44392,SE3
44395,SE3
44400,SE3
44402,SE3
44419,SE3
44420,SE3
44421,SE3
44422,SE3
44423,SE3
44424,SE3
44428,SE3
44430,SE3
44431,SE3
44432,SE3
44440,SE3
44441,SE3
44442,SE3
44443,SE3
44444,SE3
44445,SE3
44446,SE3
44447,SE3
44448,SE3
44452,SE3
44453,SE3
44454,SE3
44455,SE3
44460,SE3
44461,SE3
44465,SE3
44482,SE3
44483,SE3
44484,SE3
44485,SE3
44486,SE3
44491,SE3
44492,SE3
44493,SE3
44494,SE3
44495,SE3
44496,SE3
44497,SE3
44502,SE3
44521,SE3
44522,SE3
44523,SE3
44532,SE3
44533,SE3
44534,SE3
44536,SE3
44537,SE3
44552,SE3
44555,SE3
44556,SE3
44557,SE3
44580,SE3
44620,SE3
44621,SE3
44622,SE3
44623,SE3
44632,SE3
44633,SE3
44634,SE3
44635,SE3
44636,SE3
44637,SE3
44638,SE3
44640,SE3
44641,SE3
44691,SE3
44692,SE3
44693,SE3
44694,SE3
44695,SE3
44696,SE3
44697,SE3
44700,SE3
44720,SE3
44721,SE3
44722,SE3
44723,SE3
44724,SE3
44730,SE3
44731,SE3
44732,SE3
44733,SE3
44734,SE3
44735,SE3
44737,SE3
44780,SE3
44781,SE3
44782,SE3
44783,SE3
44784,SE3
44791,SE3
44792,SE3
44793,SE3
44794,SE3
44795,SE3
44820,SE3
44821,SE3
44822,SE3
44830,SE3
44831,SE3
44832,SE3
44833,SE3
44834,SE3
44835,SE3
44836,SE3
44837,SE3
44850,SE3
44891,SE3
44892,SE3
44895,SE3
44896,SE3
44900,SE3
44911,SE3
44914,SE3
44915,SE3
44920,SE3
44921,SE3
44922,SE3
44930,SE3
44931,SE3
44932,SE3
44933,SE3
44934,SE3
44935,SE3
44936,SE3
44940,SE3
44941,SE3
44942,SE3
44943,SE3
44944,SE3
44950,SE3
44951,SE3
44970,SE3
44980,SE3
44990,SE3
45101,SE3
45115,SE3
45116,SE3
45117,SE3
45118,SE3
45119,SE3
45120,SE3
45121,SE3
45122,SE3
45123,SE3
45124,SE3
45125,SE3
45126,SE3
45127,SE3
45130,SE3
45131,SE3
45132,SE3
45133,SE3
45134,SE3
45140,SE3
45141,SE3
45142,SE3
45143,SE3
45144,SE3
45145,SE3
45150,SE3
45151,SE3
45152,SE3
45153,SE3
45154,SE3
45155,SE3
45160,SE3
45161,SE3
45162,SE3
45163,SE3
45170,SE3
45171,SE3
45172,SE3
45173,SE3
45175,SE3
45176,SE3
45177,SE3
45178,Unknown
45179,Unknown
45180,SE3
45181,SE3
45182,SE3
45183,SE3
45185,SE3
45190,SE3
45191,SE3
45192,SE3
45193,SE3
45194,SE3
45195,SE3
45196,SE3
45197,SE3
45198,SE3
45201,SE3
45204,SE3
45205,SE3
45220,SE3
45221,SE3
45222,SE3
45223,SE3
45224,SE3
45230,SE3
45231,SE3
45232,SE3
45233,SE3
45234,SE3
45235,SE3
45236,SE3
45237,SE3
45238,SE3
45240,SE3
45250,SE3
45251,SE3
45252,SE3
45260,SE3
45270,SE3
45271,SE3
45280,SE3
45283,SE3
45290,SE3
45291,SE3
45292,SE3
45293,SE3
45294,SE3
45295,SE3
45296,SE3
45297,SE3
45318,Unknown
45320,Unknown
45321,Unknown
45322,Unknown
45323,Unknown
45324,Unknown
45329,Unknown
45330,Unknown
45331,Unknown
45332,Unknown
45333,Unknown
45334,Unknown
45335,Unknown
45336,Unknown
45337,Unknown
45338,Unknown
45340,Unknown
45341,Unknown
45350,Unknown
45380,Unknown
45381,Unknown
45391,Unknown
45392,Unknown
45393,Unknown
45420,SE3
45421,SE3
45430,SE3
45431,SE3
45432,SE3
45480,SE3
45491,SE3
45492,SE3
45493,SE3
45494,SE3
45495,SE3
45500,SE3
45520,SE3
45521,SE3
45530,SE3
45531,SE3
45532,SE3
45533,SE3
45534,SE3
45535,SE3
45541,SE3
45561,SE3
45580,SE3
45581,SE3
45583,SE3
45591,SE3
45592,SE3
45593,SE3
45595,SE3
45596,SE3
45597,SE3
45598,SE3
45601,Unknown
45620,Unknown
45621,Unknown
45622,Unknown
45623,Unknown
45625,Unknown
45626,SE3
45631,Unknown
45632,Unknown
45633,Unknown
45634,Unknown
45642,Unknown
45643,Unknown
45644,Unknown
45647,SE3
45650,Unknown
45651,Unknown
45655,SE3
45660,SE3
45661,SE3
45662,SE3
45680,Unknown
45681,Unknown
45691,Unknown
45692,SE3
45693,SE3
45694,SE3
45700,SE3
45702,SE3
45720,SE3
45721,SE3
45722,SE3
45723,SE3
45727,SE3
45730,SE3
45731,SE3
45732,SE3
45740,SE3
45741,SE3
45742,SE3
45743,SE3
45745,SE3
45746,SE3
45747,SE3
45748,SE3
45750,SE3
45751,SE3
45755,SE3
45756,SE3
45760,SE3
45761,SE3
45772,SE3
45773,Unknown
45781,SE3
45782,SE3
45791,SE3
45793,SE3
45795,SE3
45796,SE3
45797,Unknown
45820,SE3
45821,SE3
45822,SE3
45830,SE3
45831,SE3
45832,SE3
45840,SE3
45870,SE3
45880,SE3
45881,SE3
45891,SE3
45892,SE3
45893,SE3
45894,SE3
45896,SE3
45897,SE3
45920,SE3
45921,SE3
45922,SE3
45930,SE3
45931,SE3
45932,SE3
45933,SE3
45980,SE3
45991,SE3
45993,SE3
45994,SE3
46100,SE3
46104,SE3
46106,SE3
46111,SE3
46120,SE3
46121,SE3
46122,SE3
46123,SE3
46124,SE3
46125,SE3
46126,SE3
46127,SE3
46129,SE3
46130,SE3
46131,SE3
46132,SE3
46133,SE3
46134,SE3
46135,SE3
46137,SE3
46138,SE3
46139,SE3
46140,SE3
46141,SE3
46142,SE3
46143,SE3
46144,SE3
46150,SE3
46151,SE3
46152,SE3
46153,SE3
46154,SE3
46155,SE3
46157,SE3
46158,SE3
46159,SE3
46160,SE3
46161,SE3
46162,SE3
46163,SE3
46164,SE3
46165,SE3
46166,SE3
46167,SE3
46168,SE3
46170,SE3
46171,SE3
46173,SE3
46177,SE3
46178,SE3
46179,SE3
46180,SE3
46181,SE3
46182,SE3
46183,SE3
46184,SE3
46185,SE3
46186,SE3
46188,SE3
46191,SE3
46192,SE3
46193,SE3
46194,SE3
46195,SE3
46196,SE3
46197,SE3
46198,SE3
46199,SE3
46200,SE3
46220,SE3
46221,SE3
46222,SE3
46223,SE3
46224,SE3
46228,SE3
46230,SE3
46231,SE3
46232,SE3
46233,SE3
46234,SE3
46235,SE3
46236,SE3
46237,SE3
46238,SE3
46240,SE3
46241,SE3
46242,SE3
46250,SE3
46251,SE3
46252,SE3
46253,SE3
46254,SE3
46255,SE3
46256,SE3
46260,SE3
46261,SE3
46269,SE3
46273,SE3
46280,SE3
46281,SE3
46282,SE3
46285,SE3
46291,SE3
46293,SE3
46294,SE3
46295,SE3
46296,SE3
46297,SE3
46301,SE3
46320,SE3
46324,SE3
46325,SE3
46330,SE3
46331,SE3
46332,SE3
46333,SE3
46334,SE3
46335,SE3
46371,SE3
46372,SE3
46375,SE3
46380,SE3
46381,SE3
46383,SE3
46392,SE3
46393,SE3
46394,SE3
46395,SE3
46396,SE3
46397,SE3
46401,SE3
46406,SE3
46420,SE3
46421,SE3
46422,SE3
46423,SE3
46430,SE3
46431,SE3
46432,SE3
46433,SE3
46434,SE3
46440,SE3
46450,SE3
46461,SE3
46462,SE3
46463,SE3
46464,SE3
46465,SE3
46466,SE3
46471,SE3
46472,SE3
46480,SE3
46491,SE3
46492,SE3
46493,SE3
46494,SE3
46495,SE3
46520,SE3
46521,SE3
46530,SE3
46531,SE3
46580,SE3
46581,SE3
46582,SE3
46591,SE3
46593,SE3
46594,SE3
46595,SE3
46596,SE3
46597,SE3
46598,SE3
46680,SE3
46701,SE3
46720,SE3
46721,SE3
46722,SE3
46723,SE3
46730,SE3
46731,SE3
46732,SE3
46735,SE3
46740,SE3
46780,SE3
46781,SE3
46784,SE3
46791,SE3
46792,SE3
46793,SE3
46794,SE3
46795,SE3
46796,SE3
46821,SE3
46822,SE3
46830,SE3
46831,SE3
46832,SE3
46833,SE3
46834,SE3
46880,SE3
46882,SE3
46890,SE3
47110,Unknown
47111,Unknown
47116,SE3
47117,SE3
47120,SE3
47121,SE3
47122,SE3
47130,SE3
47131,SE3
47132,SE3
47133,SE3
47141,Unknown
47142,Unknown
47143,Unknown
47144,Unknown
47150,SE3
47151,Unknown
47160,SE3
47161,SE3
47162,Unknown
47170,Unknown
47171,SE3
47172,SE3
47173,SE3
47180,SE3
47190,Unknown
47191,SE3
47192,SE3
47193,SE3
47194,SE3
47195,SE3
47197,Unknown
47198,SE3
47220,SE3
47221,SE3
47231,SE3
47232,SE3
47291,Unknown
47292,Unknown
47293,SE3
47294,SE3
47295,SE3
47296,SE3
47297,SE3
47298,SE3
47300,SE3
47320,SE3
47321,SE3
47322,SE3
47323,SE3
47331,SE3
47332,SE3
47333,SE3
47334,SE3
47380,SE3
47391,SE3
47392,SE3
47393,SE3
47394,SE3
47395,SE3
47396,SE3
47397,SE3
47398,SE3
47399,SE3
47404,Unknown
47420,Unknown
47431,Unknown
47432,Unknown
47470,Unknown
47471,Unknown
47474,Unknown
47491,Unknown
47492,Unknown
47493,Unknown
47494,SE3
47495,SE3
47496,SE3
47500,Unknown
47510,Unknown
47511,Unknown
47512,Unknown
47520,Unknown
47522,Unknown
47525,Unknown
47531,Unknown
47532,Unknown
47535,Unknown
47536,Unknown
47537,Unknown
47540,Unknown
47541,Unknown
47542,Unknown
47545,Unknown
47550,Unknown
47551,Unknown
47552,Unknown
47553,Unknown
47580,Unknown
50100,SE3
50110,SE3
50111,SE3
50112,SE3
50113,SE3
50114,SE3
50115,SE3
50117,SE3
50118,SE3
50177,SE3
50178,SE3
50179,SE3
50180,SE3
50181,SE3
50182,SE3
50184,SE3
50185,SE3
50186,SE3
50187,SE3
50188,SE3
50189,SE3
50190,SE3
50300,SE3
50330,SE3
50331,SE3
50332,SE3
50333,SE3
50334,SE3
50335,SE3
50336,SE3
50337,SE3
50338,SE3
50342,SE3
50343,SE3
50400,SE3
50407,SE3
50408,SE3
50409,SE3
50410,SE3
50416,SE3
50417,SE3
50418,SE3
50419,SE3
50430,SE3
50431,SE3
50432,SE3
50433,SE3
50434,SE3
50435,SE3
50437,SE3
50438,SE3
50439,SE3
50441,SE3
50442,SE3
50443,SE3
50444,SE3
50445,SE3
50446,SE3
50447,SE3
50450,SE3
50451,SE3
50452,SE3
50453,SE3
50454,SE3
50455,SE3
50456,SE3
50457,SE3
50458,SE3
50460,SE3
50461,SE3
50462,SE3
50463,SE3
50464,SE3
50465,SE3
50466,SE3
50467,SE3
50468,SE3
50470,SE3
50471,SE3
50472,SE3
50475,SE3
50478,SE3
50480,SE3
50482,SE3
50483,SE3
50490,SE3
50491,SE3
50492,SE3
50493,SE3
50494,SE3
50495,SE3
50496,SE3
50497,SE3
50600,SE3
50630,SE3
50631,SE3
50632,SE3
50634,SE3
50635,SE3
50636,SE3
50637,SE3
50638,SE3
50639,SE3
50640,SE3
50641,SE3
50642,SE3
50643,SE3
50644,SE3
50646,SE3
50647,SE3
50648,SE3
50649,SE3
50670,SE3
50700,SE3
50710,SE3
50711,SE3
50715,SE3
50720,SE3
50730,SE3
50731,SE3
50732,SE3
50733,SE3
50734,SE3
50740,SE3
50741,SE3
50742,SE3
50743,SE3
50744,SE3
50745,SE3
50750,SE3
50751,SE3
50752,SE3
50753,SE3
50760,SE3
50761,SE3
50762,SE3
50763,SE3
50764,SE3
50765,SE3
50770,SE3
50771,SE3
50790,SE3
50800,SE3
50801,SE3
50820,SE3
51100,SE3
51102,SE3
51104,SE3
51110,SE3
51120,SE3
51121,SE3
51122,SE3
51123,SE3
51124,SE3
51131,SE3
51141,SE3
51142,SE3
51153,SE3
51154,SE3
51155,SE3
51156,SE3
51157,SE3
51158,SE3
51159,SE3
51161,SE3
51162,SE3
51163,SE3
51164,SE3
51168,SE3
51169,SE3
51170,SE3
51171,SE3
51172,SE3
51173,SE3
51174,SE3
51180,SE3
51181,SE3
51182,SE3
51191,SE3
51192,SE3
51193,SE3
51194,SE3
51195,SE3
51196,SE3
51197,SE3
51198,SE3
51199,SE3
51200,SE3
51220,SE3
51221,SE3
51222,SE3
51223,SE3
51224,SE3
51250,SE3
51251,SE3
51252,SE3
51253,SE3
51254,SE3
51260,SE3
51261,SE3
51262,SE3
51263,SE3
51264,SE3
51265,SE3
51276,SE3
51277,SE3
51280,SE3
51281,SE3
51285,SE3
51290,SE3
51291,SE3
51292,SE3
51293,SE3
51294,SE3
51295,SE3
51321,SE3
51332,SE3
51333,SE3
51334,SE3
51335,SE3
51350,SE3
51370,SE3
51381,SE3
51382,SE3
51391,SE3
51392,SE3
51393,SE3
51394,SE3
51395,SE3
51396,SE3
51397,SE3
51400,SE3
51405,SE3
51406,SE3
51411,SE3
51412,SE3
51420,SE3
51421,SE3
51422,SE3
51423,SE3
51424,SE3
51431,SE3
51432,SE3
51433,SE3
51434,SE3
51435,SE3
51440,SE3
51441,SE3
51442,SE3
51443,SE3
51444,SE3
51450,SE3
51452,SE3
51453,SE3
51454,SE3
51455,SE3
51460,SE3
51461,SE3
51462,SE3
51463,SE3
51470,SE3
51480,SE3
51481,SE3
51483,SE3
51484,SE3
51491,SE3
51492,SE3
51493,SE3
51494,SE3
51495,SE3
51500,SE3
51521,SE3
51522,SE3
51532,SE3
51533,SE3
51534,SE3
51535,SE3
51560,SE3
51561,SE3
51570,SE3
51591,SE3
51592,SE3
51593,SE3
51621,SE3
51622,SE3
51630,SE3
51631,SE3
51632,SE3
51633,SE3
51634,SE3
51650,SE3
51677,SE3
51690,SE3
51691,SE3
51692,SE3
51693,SE3
51694,SE3
51695,SE3
51696,SE3
51700,SE3
51720,SE3
51721,SE3
51722,SE3
51723,SE3
51733,SE3
51734,SE3
51735,SE3
51736,SE3
51737,SE3
51770,SE3
51771,SE3
51781,SE3
51782,SE3
51783,SE3
51791,SE3
51792,SE3
51793,SE3
51794,SE3
51795,SE3
51796,SE3
51802,SE3
51821,SE3
51822,SE3
51830,SE3
51831,SE3
51832,SE3
51833,SE3
51840,SE3
51841,SE3
51842,SE3
51843,SE3
51890,SE3
51891,SE3
51930,SE3
51931,SE3
51990,SE3
51991,SE3
51992,SE4
51993,SE4
51994,SE3
51995,SE4
51996,SE3
51997,SE3
52043,SE3
52101,SE3
52102,SE3
52104,SE3
52105,SE3
52118,SE3
52120,SE3
52121,SE3
52122,SE3
52129,SE3
52130,SE3
52131,SE3
52132,SE3
52133,SE3
52134,SE3
52135,SE3
52136,SE3
52137,SE3
52138,SE3
52139,SE3
52140,SE3
52141,SE3
52142,SE3
52143,SE3
52144,SE3
52145,SE3
52146,SE3
52147,SE3
52151,SE3
52152,SE3
52153,SE3
52154,SE3
52155,SE3
52156,SE3
52160,SE3
52161,SE3
52162,SE3
52163,SE3
52164,SE3
52170,SE3
52171,SE3
52172,SE3
52173,SE3
52174,SE3
52175,SE3
52181,SE3
52185,SE3
52188,SE3
52191,SE3
52192,SE3
52193,SE3
52194,SE3
52195,SE4
52196,SE3
52197,SE3
52198,SE3
52201,SE3
52220,SE3
52221,SE3
52222,SE3
52223,SE3
52224,SE3
52225,SE3
52226,SE3
52230,SE3
52231,SE3
52232,SE3
52233,SE3
52234,SE3
52235,SE3
52236,SE3
52237,SE3
52281,SE3
52282,SE3
52283,SE3
52285,SE3
52291,SE3
52292,SE3
52293,SE3
52294,SE3
52301,SE3
52320,SE3
52321,SE3
52322,SE3
52323,SE3
52324,SE3
52325,SE3
52326,SE3
52330,SE3
52331,SE3
52332,SE3
52333,SE3
52334,SE3
52335,SE3
52336,SE3
52337,SE3
52338,SE3
52339,SE3
52340,SE3
52341,SE3
52343,SE3
52344,SE3
52345,SE3
52360,SE3
52361,SE3
52362,SE3
52372,SE3
52374,SE3
52375,SE3
52376,SE3
52377,SE3
52378,SE3
52384,SE3
52385,SE3
52386,SE3
52390,SE3
52391,SE3
52392,SE3
52393,SE3
52394,SE3
52395,SE3
52396,SE3
52397,SE3
52398,SE3
52399,SE3
52401,SE3
52402,SE3
52420,SE3
52421,SE3
52422,SE3
52423,SE3
52430,SE3
52431,SE3
52432,SE3
52433,SE3
52441,SE3
52442,SE3
52480,SE3
52491,SE3
52492,SE3
52493,SE3
52495,SE3
52496,SE3
53030,SE3
53032,SE3
53101,SE3
53102,SE3
53103,SE3
53110,SE3
53116,SE3
53117,SE3
53118,SE3
53119,SE3
53120,SE3
53129,SE3
53130,SE3
53131,SE3
53132,SE3
53133,SE3
53134,SE3
53135,SE3
53136,SE3
53137,SE3
53138,SE3
53139,SE3
53140,SE3
53141,SE3
53142,SE3
53143,SE3
53150,SE3
53151,SE3
53152,SE3
53153,SE3
53154,SE3
53155,SE3
53156,SE3
53157,SE3
53158,SE3
53159,SE3
53170,SE3
53171,SE3
53173,SE3
53175,SE3
53182,SE3
53185,SE3
53188,SE3
53191,SE3
53192,SE3
53193,SE3
53194,SE3
53195,SE3
53196,SE3
53197,SE3
53198,SE3
53199,SE3
53201,SE3
53220,SE3
53221,SE3
53222,SE3
53223,SE3
53224,SE3
53229,SE3
53230,SE3
53231,SE3
53232,SE3
53233,SE3
53234,SE3
53235,SE3
53236,SE3
53237,SE3
53238,SE3
53240,SE3
53272,SE3
53273,SE3
53274,SE3
53280,SE3
53286,SE3
53288,SE3
53289,SE3
53292,SE3
53293,SE3
53294,SE3
53295,SE3
53296,SE3
53301,SE3
53320,SE3
53321,SE3
53322,SE3
53323,SE3
53329,SE3
53330,SE3
53331,SE3
53332,SE3
53333,SE3
53334,SE3
53372,SE3
53374,SE3
53380,SE3
53382,SE3
53391,SE3
53392,SE3
53394,SE3
53395,SE3
53396,SE3
53397,SE3
53401,SE3
53403,SE3
53420,SE3
53421,SE3
53422,SE3
53423,SE3
53430,SE3
53431,SE3
53432,SE3
53434,SE3
53450,SE3
53460,SE3
53461,SE3
53462,SE3
53473,SE3
53481,SE3
53482,SE3
53484,SE3
53490,SE3
53491,SE3
53492,SE3
53493,SE3
53494,SE3
53495,SE3
53496,SE3
53521,SE3
53523,SE3
53530,SE3
53591,SE3
53592,SE3
53593,SE3
54101,SE3
54102,SE3
54105,SE3
54106,SE3
54107,SE3
54112,SE3
54120,SE3
54121,SE3
54122,SE3
54123,SE3
54124,SE3
54125,SE3
54126,SE3
54127,SE3
54128,SE3
54129,SE3
54130,SE3
54131,SE3
54132,SE3
54133,SE3
54134,SE3
54135,SE3
54136,SE3
54137,SE3
54150,SE3
54151,SE3
54152,SE3
54153,SE3
54154,SE3
54155,SE3
54156,SE3
54157,SE3
54171,SE3
54178,SE3
54180,SE3
54183,SE3
54184,SE3
54185,SE3
54186,SE3
54187,SE3
54193,SE3
54194,SE3
54195,SE3
54197,SE3
54198,SE3
54201,SE3
54218,SE3
54220,SE3
54221,SE3
54222,SE3
54223,SE3
54224,SE3
54230,SE3
54231,SE3
54232,SE3
54233,SE3
54234,SE3
54235,SE3
54236,SE3
54237,SE3
54238,SE3
54239,SE3
54240,SE3
54241,SE3
54242,SE3
54243,SE3
54244,SE3
54245,SE3
54246,SE3
54247,SE3
54266,SE3
54272,SE3
54273,SE3
54274,SE3
54275,SE3
54285,SE3
54286,SE3
54287,SE3
54288,SE3
54291,Unknown
54292,SE3
54293,SE3
54294,SE3
54295,SE3
54301,SE3
54320,SE3
54321,SE3
54322,SE3
54323,SE3
54330,SE3
54331,SE3
54332,SE3
54333,SE3
54334,SE3
54335,SE3
54336,SE3
54337,SE3
54350,SE3
54351,SE3
54380,SE3
54381,SE3
54391,SE3
54392,SE3
54393,SE3
54394,SE3
54395,SE3
54401,SE3
54420,SE3
54421,SE3
54422,SE3
54430,SE3
54431,SE3
54432,SE3
54433,SE3
54434,SE3
54435,SE3
54436,SE3
54450,SE3
54481,SE3
54491,SE3
54492,SE3
54493,SE3
54494,SE3
54501,SE3
54502,SE3
54520,SE3
54521,SE3
54522,SE3
54523,SE3
54530,SE3
54531,SE3
54532,SE3
54533,SE3
54534,SE3
54535,SE3
54541,SE3
54572,SE3
54590,SE3
54591,SE3
54592,SE3
54593,SE3
54594,SE3
54595,SE3
54601,SE3
54618,SE3
54620,SE3
54621,SE3
54622,SE3
54623,SE3
54630,SE3
54631,SE3
54632,SE3
54633,SE3
54634,SE3
54672,SE3
54673,SE3
54681,SE3
54682,SE3
54691,SE3
54692,SE3
54693,SE3
54694,SE3
54695,SE3
54721,SE3
54722,SE3
54730,SE3
54731,SE3
54772,SE3
54781,SE3
54782,SE3
54791,SE3
54792,SE3
54793,SE3
54800,SE3
54820,SE3
54821,SE3
54822,SE3
54831,SE3
54832,SE3
54873,SE3
54874,SE3
54891,SE3
54892,SE3
54893,SE3
54931,SE3
54934,SE3
54937,SE3
54938,SE3
54939,SE3
54940,SE3
54942,SE3
54943,SE3
54947,SE3
54948,SE3
54949,SE3
54950,SE3
54951,SE3
54952,SE3
54953,SE3
54954,SE3
54955,SE3
54956,SE3
54960,SE3
54961,SE3
54962,SE3
54963,SE3
54964,SE3
54965,SE3
54966,SE3
54967,SE3
54970,SE3
54976,SE3
54977,SE3
54991,SE3
54994,SE3
54996,SE3
54998,SE3
54999,SE3
55001,SE4
55002,SE4
55003,SE4
55004,SE4
55005,SE4
55006,SE4
55008,SE4
55009,SE4
55011,SE4
55100,SE4
55101,SE4
55103,SE4
55110,SE4
55111,SE4
55112,SE4
55113,SE4
55114,SE4
55115,SE4
55116,SE4
55117,SE4
55118,SE4
55119,SE4
55120,SE4
55130,SE4
55180,SE4
55181,SE4
55182,SE4
55183,SE4
55184,SE4
55185,SE4
55186,SE4
55189,SE4
55190,SE4
55191,SE4
55192,SE4
55193,SE4
55195,SE4
55199,SE4
55300,SE4
55302,SE4
55303,SE4
55305,SE4
55307,SE4
55308,SE4
55309,SE4
55310,SE4
55311,SE4
55312,SE4
55313,SE4
55314,SE4
55315,SE4
55316,SE4
55317,SE4
55318,SE4
55320,SE4
55321,SE4
55322,SE4
55323,SE4
55324,SE4
55329,SE4
55330,SE4
55331,SE4
55332,SE4
55333,SE4
55334,SE4
55335,SE4
55336,SE4
55337,SE4
55338,SE4
55339,SE4
55400,SE4
55438,SE4
55439,SE4
55445,SE4
55446,SE4
55447,SE4
55448,SE4
55449,SE4
55450,SE4
55451,SE4
55452,SE4
55453,SE4
55454,SE4
55456,SE4
55457,SE4
55458,SE4
55459,SE4
55462,SE4
55463,SE4
55464,SE4
55465,SE4
55466,SE4
55472,SE4
55473,SE4
55474,SE4
55475,SE4
55592,SE4
55593,SE4
55594,SE4
55600,SE4
55610,SE4
55611,SE4
55612,SE4
55614,SE4
55615,SE4
55616,SE4
55625,SE4
55626,SE4
55627,SE4
55628,SE4
55629,SE4
55631,SE4
55632,SE4
55633,SE4
55650,SE4
55652,SE4
55800,SE4
55810,SE4
56101,SE4
56102,SE4
56104,SE4
56105,SE4
56106,SE4
56120,SE4
56121,SE4
56122,SE4
56123,SE4
56124,SE4
56125,SE4
56130,SE4
56131,SE4
56132,SE4
56133,SE4
56134,SE4
56135,SE4
56136,SE4
56138,SE4
56139,SE4
56140,SE4
56141,SE4
56142,SE4
56143,SE4
56144,SE4
56146,SE4
56148,SE4
56149,SE4
56150,SE4
56151,SE4
56160,SE4
56161,SE4
56162,SE4
56163,SE4
56182,SE4
56183,SE4
56184,SE4
56185,SE4
56191,SE4
56192,SE4
56193,SE4
56195,SE4
56196,SE4
56202,SE4
56220,SE4
56221,SE4
56222,SE4
56223,SE4
56230,SE4
56231,SE4
56232,SE4
56233,SE4
56240,SE4
56241,SE4
56242,SE4
56250,SE4
56280,SE4
56291,SE4
56301,SE4
56320,SE4
56321,SE4
56322,SE4
56331,SE4
56332,SE4
56391,SE4
56392,SE4
56393,SE4
56394,SE4
56421,SE4
56422,SE4
56423,SE4
56424,SE4
56428,SE4
56431,SE4
56432,SE4
56433,SE4
56434,SE4
56435,SE4
56436,SE4
56491,SE4
56518,SE3
56520,SE3
56521,SE3
56522,SE3
56523,SE3
56524,SE3
56528,SE3
56531,SE3
56532,SE3
56533,SE3
56534,SE3
56576,SE4
56591,SE3
56592,SE3
56593,SE3
56594,SE3
56596,SE4
56597,SE4
56600,SE3
56601,SE3
56618,SE3
56620,SE3
56621,SE3
56622,SE3
56623,SE3
56624,SE3
56631,SE3
56632,SE3
56633,SE3
56634,SE3
56635,SE3
56636,SE3
56637,SE3
56680,SE3
56691,SE3
56692,SE3
56693,SE3
56701,SE4
56720,SE4
56721,SE4
56722,SE4
56723,SE4
56724,SE4
56730,SE4
56731,SE4
56732,SE4
56733,SE4
56791,SE4
56792,SE4
56793,SE4
56821,SE4
56822,SE4
56823,SE4
56824,SE4
56830,SE4
56831,SE4
56832,SE4
56891,SE4
56892,SE4
56893,SE4
57100,SE4
57103,SE4
57106,SE4
57110,SE4
57119,SE4
57120,SE4
57121,SE4
57122,SE4
57123,SE4
57124,SE4
57129,SE4
57131,SE4
57132,SE4
57133,SE4
57134,SE4
57135,SE4
57136,SE4
57137,SE4
57138,SE4
57139,SE4
57140,SE4
57141,SE4
57142,SE4
57143,SE4
57161,SE4
57162,SE4
57163,SE4
57164,SE4
57165,SE4
57166,SE4
57167,SE4
57168,SE4
57169,SE4
57171,SE4
57172,SE4
57173,SE4
57174,SE4
57175,SE4
57176,SE4
57177,SE4
57178,SE4
57180,SE4
57181,SE4
57182,SE4
57183,SE4
57185,SE4
57188,SE4
57192,SE4
57193,SE4
57194,SE4
57195,SE4
57197,SE4
57200,SE4
57201,SE4
57204,SE4
57205,SE4
57206,SE4
57207,SE4
57220,SE4
57221,SE4
57222,SE4
57223,SE4
57224,SE4
57225,SE4
57226,SE4
57227,SE4
57228,SE4
57229,SE4
57230,SE4
57231,SE4
57232,SE4
57235,SE4
57236,SE4
57237,SE4
57240,SE4
57241,SE4
57242,SE4
57250,SE4
57251,SE4
57255,SE4
57256,SE4
57257,SE4
57258,SE4
57260,SE4
57261,SE4
57262,SE4
57263,SE4
57273,SE4
57274,SE4
57275,SE4
57276,SE4
57283,SE4
57291,SE4
57292,SE4
57293,SE4
57295,SE4
57296,SE4
57297,SE4
57300,SE4
57302,SE4
57320,SE4
57321,SE4
57322,SE4
57323,SE4
57324,SE4
57325,SE4
57328,SE4
57329,SE4
57331,SE4
57332,SE4
57333,SE4
57334,SE4
57335,SE4
57336,SE4
57337,SE4
57338,SE4
57339,SE4
57340,SE4
57341,SE4
57342,SE4
57343,SE4
57361,SE4
57373,SE4
57374,SE4
57375,SE4
57376,SE4
57377,SE4
57382,SE4
57383,SE4
57391,SE4
57392,SE4
57393,SE4
57394,SE4
57395,SE4
57396,SE4
57397,SE4
57398,SE4
57399,SE4
57400,SE4
57403,SE4
57420,SE4
57421,SE4
57422,SE4
57423,SE4
57428,SE4
57431,SE4
57432,SE4
57433,SE4
57434,SE4
57435,SE4
57436,SE4
57437,SE4
57438,SE4
57439,SE4
57440,SE4
57441,SE4
57442,SE4
57443,SE4
57450,SE4
57453,SE4
57454,SE4
57455,SE4
57471,SE4
57472,SE4
57473,SE4
57474,SE4
57475,SE4
57476,SE4
57480,SE4
57481,SE4
57485,SE4
57491,SE4
57492,SE4
57493,SE4
57494,SE4
57495,SE4
57496,SE4
57497,SE4
57498,SE4
57501,SE4
57520,SE4
57521,SE4
57522,SE4
57523,SE4
57528,SE4
57531,SE4
57532,SE4
57533,SE4
57534,SE4
57535,SE4
57536,SE4
57537,SE4
57538,SE4
57539,SE4
57580,SE4
57581,SE4
57582,SE4
57591,SE4
57592,SE4
57593,SE4
57594,SE4
57595,SE4
57596,SE4
57597,SE4
57598,SE4
57599,SE4
57601,SE4
57602,SE4
57620,SE4
57621,SE4
57622,SE4
57623,SE4
57624,SE4
57631,SE4
57632,SE4
57633,SE4
57635,SE4
57636,SE4
57680,SE4
57691,SE4
57692,SE4
57693,SE4
57694,SE4
57695,SE4
57696,SE4
57697,SE4
57701,SE4
57702,SE4
57703,SE4
57704,SE4
57705,SE4
57720,SE4
57721,SE4
57722,SE4
57723,SE4
57724,SE4
57725,SE4
57726,SE4
57730,SE4
57731,SE4
57732,SE4
57733,SE4
57734,SE4
57735,SE4
57736,SE4
57737,SE4
57738,SE4
57739,SE4
57750,SE4
57751,SE4
57771,SE4
57772,SE4
57773,SE4
57774,SE4
57775,SE4
57776,SE4
57777,SE4
57780,SE4
57790,SE4
57791,SE4
57792,SE4
57793,SE4
57794,SE4
57795,SE4
57796,SE4
57797,SE4
57798,SE4
57799,SE4
57801,SE4
57820,SE4
57821,SE4
57822,SE4
57823,SE4
57824,SE4
57831,SE4
57832,SE4
57833,SE4
57874,SE4
57875,SE4
57891,SE4
57892,SE4
57893,SE4
57894,SE4
57895,SE4
57920,SE4
57921,SE4
57922,SE4
57923,SE4
57930,SE4
57931,SE4
57932,SE4
57933,SE4
57940,SE4
57971,SE4
57972,SE4
57980,SE4
57990,SE4
57991,SE4
57992,SE4
57993,SE4
57994,SE4
57995,SE4
57996,SE4
58002,SE3
58003,SE3
58005,SE3
58006,SE3
58008,SE3
58009,SE3
58010,SE3
58011,SE3
58013,SE3
58015,SE3
58100,SE3
58101,SE3
58102,SE3
58103,SE3
58104,SE3
58105,SE3
58106,SE3
58107,SE3
58110,SE3
58111,SE3
58112,SE3
58113,SE3
58114,SE3
58115,SE3
58116,SE3
58117,SE3
58118,SE3
58119,SE3
58128,SE3
58180,SE3
58181,SE3
58182,SE3
58183,SE3
58184,SE3
58185,SE3
58186,SE3
58187,SE3
58188,SE3
58189,SE3
58190,SE3
58191,SE3
58192,SE3
58193,SE3
58194,SE3
58195,SE3
58196,SE3
58198,SE3
58199,SE3
58200,SE3
58201,SE3
58202,SE3
58203,SE3
58212,SE3
58213,SE3
58214,SE3
58215,SE3
58216,SE3
58217,SE3
58218,SE3
58219,SE3
58220,SE3
58221,SE3
58222,SE3
58223,SE3
58224,SE3
58225,SE3
58226,SE3
58227,SE3
58228,SE3
58229,SE3
58230,SE3
58231,SE3
58232,SE3
58233,SE3
58234,SE3
58235,SE3
58236,SE3
58237,SE3
58238,SE3
58239,SE3
58240,SE3
58241,SE3
58242,SE3
58243,SE3
58244,SE3
58245,SE3
58246,SE3
58247,SE3
58248,SE3
58249,SE3
58252,SE3
58253,SE3
58254,SE3
58255,SE3
58256,SE3
58272,SE3
58273,SE3
58274,SE3
58275,SE3
58276,SE3
58277,SE3
58278,SE3
58300,SE3
58302,SE3
58328,SE3
58329,SE3
58330,SE3
58331,SE3
58332,SE3
58333,SE3
58334,SE3
58335,SE3
58336,SE3
58337,SE3
58338,SE3
58360,SE3
58371,SE3
58372,SE3
58391,SE3
58392,SE3
58393,SE3
58394,SE3
58400,SE3
58422,SE3
58431,SE3
58432,SE3
58434,SE3
58435,SE3
58436,SE3
58437,SE3
58439,SE3
58500,SE3
58506,SE3
58507,SE3
58561,SE3
58562,SE3
58563,SE3
58564,SE3
58565,SE3
58571,SE3
58572,SE3
58573,SE3
58574,SE3
58575,SE3
58576,SE3
58577,SE3
58578,SE3
58580,SE3
58591,SE3
58592,SE3
58593,SE3
58594,SE3
58595,SE3
58596,SE3
58597,SE3
58598,SE3
58599,SE3
58600,SE3
58642,SE3
58643,SE3
58644,SE3
58645,SE3
58646,SE3
58647,SE3
58648,SE3
58649,SE3
58662,SE3
58663,SE3
58665,SE3
58666,SE3
58700,SE3
58723,SE3
58724,SE3
58725,SE3
58726,SE3
58727,SE3
58729,SE3
58731,SE3
58732,SE3
58733,SE3
58734,SE3
58735,SE3
58736,SE3
58737,SE3
58738,SE3
58739,SE3
58750,SE3
58752,SE3
58758,SE3
58801,SE3
58802,SE3
58813,SE3
58815,SE3
58818,SE3
58820,SE3
58900,SE3
58921,SE3
58923,SE3
58925,SE3
58927,SE3
58929,SE3
58931,SE3
58933,SE3
58935,SE3
58937,SE3
58939,SE3
58941,SE3
58943,SE3
58950,SE3
58951,SE3
58952,SE3
58953,SE3
58955,SE3
58957,SE3
58961,SE3
58963,SE3
58964,SE3
58965,SE3
59021,SE3
59036,SE3
59037,SE3
59038,SE3
59039,SE3
59040,SE3
59041,SE3
59042,SE3
59043,SE3
59044,SE3
59045,SE4
59046,SE3
59053,SE3
59100,SE3
59101,SE3
59102,SE3
59104,SE3
59105,SE3
59106,SE3
59120,SE3
59121,SE3
59122,SE3
59123,SE3
59124,SE3
59126,SE3
59127,SE3
59129,SE3
59130,SE3
59132,SE3
59135,SE3
59136,SE3
59137,SE3
59138,SE3
59139,SE3
59145,SE3
59146,SE3
59147,SE3
59150,SE3
59151,SE3
59152,SE3
59153,SE3
59154,SE3
59155,SE3
59160,SE3
59161,SE3
59162,SE3
59170,SE3
59171,SE3
59172,SE3
59173,SE3
59174,SE3
59175,SE3
59176,SE3
59177,SE3
59178,SE3
59179,SE3
59181,SE3
59182,SE3
59184,SE3
59185,SE3
59186,SE3
59190,SE3
59191,SE3
59192,SE3
59193,SE3
59194,SE3
59195,SE3
59196,SE3
59197,SE3
59198,SE3
59199,SE3
59201,SE3
59220,SE3
59221,SE3
59222,SE3
59223,SE3
59224,SE3
59230,SE3
59231,SE3
59232,SE3
59240,SE3
59241,SE3
59242,SE3
59280,SE3
59281,SE3
59291,SE3
59292,SE3
59293,SE3
59294,SE3
59300,SE4
59302,SE4
59303,SE4
59310,SE4
59311,SE4
59320,SE4
59321,SE4
59322,SE4
59323,SE4
59324,SE4
59325,SE4
59326,SE4
59330,SE4
59331,SE4
59332,SE4
59333,SE4
59334,SE4
59335,SE4
59336,SE4
59337,SE4
59338,SE4
59339,SE4
59340,SE4
59341,SE4
59342,SE4
59343,SE4
59344,SE4
59350,SE4
59351,SE4
59352,SE4
59353,SE4
59354,SE4
59361,SE4
59362,SE4
59370,SE4
59371,SE4
59372,SE4
59373,SE4
59374,SE4
59375,SE4
59376,SE4
59380,SE4
59381,SE4
59382,SE4
59383,SE4
59384,SE4
59385,SE4
59387,SE4
59391,SE4
59392,SE4
59393,SE4
59395,SE4
59396,SE4
59397,SE4
59401,SE4
59420,SE4
59421,SE4
59422,SE4
59423,SE4
59430,SE4
59431,SE4
59432,SE4
59470,SE4
59471,SE4
59472,SE4
59473,SE4
59474,SE4
59475,SE4
59491,SE4
59492,SE4
59493,SE4
59494,SE4
59501,SE3
59503,SE3
59504,SE3
59520,SE3
59521,SE3
59522,SE3
59523,SE3
59524,SE3
59529,SE3
59530,SE3
59531,SE3
59532,SE3
59533,SE3
59534,SE3
59535,SE3
59540,SE3
59541,SE3
59542,SE3
59543,SE3
59544,SE3
59550,SE3
59551,SE3
59552,SE3
59553,SE3
59554,SE3
59557,SE3
59558,SE3
59559,SE3
59570,SE3
59571,SE3
59572,SE3
59573,SE3
59575,SE3
59576,SE3
59580,SE3
59581,SE3
59591,SE3
59592,SE3
59593,SE3
59594,SE3
59595,SE3
59596,SE3
59597,SE3
59600,SE3
59601,SE3
59620,SE3
59621,SE3
59622,SE3
59623,SE3
59631,SE3
59632,SE3
59633,SE3
59634,SE3
59636,SE3
59691,SE3
59692,SE3
59693,SE3
59695,SE3
59700,SE3
59720,SE3
59721,SE3
59722,SE3
59723,SE3
59724,SE3
59725,SE3
59726,SE3
59730,SE3
59731,SE3
59732,SE3
59740,SE3
59742,SE3
59743,SE3
59750,SE3
59752,SE3
59753,SE3
59755,SE3
59780,SE3
59791,SE3
59794,SE3
59796,SE3
59797,SE3
59801,SE4
59805,SE4
59820,SE4
59821,SE4
59822,SE4
59823,SE4
59830,SE4
59831,SE4
59832,SE4
59834,SE4
59835,SE4
59836,SE4
59837,SE4
59838,SE4
59839,SE4
59840,SE4
59870,SE4
59871,SE4
59872,SE4
59873,SE4
59880,SE4
59881,SE4
59884,SE4
59885,SE4
59886,SE4
59891,SE4
59892,SE4
59893,SE4
59894,SE4
59895,SE4
59896,SE4
59897,SE4
59898,SE4
59901,SE3
59920,SE3
59921,SE3
59922,SE3
59923,SE3
59931,SE3
59932,SE3
59933,SE3
59980,SE3
59991,SE3
59992,SE3
59993,SE3
59994,SE3
60000,SE3
60002,SE3
60003,SE3
60004,SE3
60005,SE3
60006,SE3
60007,SE3
60011,SE3
60012,SE3
60013,SE3
60014,SE3
60040,SE3
60041,SE3
60042,SE3
60043,SE3
60044,SE3
60045,SE3
60046,SE3
60100,SE3
60102,SE3
60103,SE3
60104,SE3
60105,SE3
60107,SE3
60110,SE3
60114,SE3
60115,SE3
60116,SE3
60117,SE3
60119,SE3
60160,SE3
60169,SE3
60170,SE3
60171,SE3
60172,SE3
60173,SE3
60174,SE3
60176,SE3
60177,SE3
60178,SE3
60179,SE3
60180,SE3
60181,SE3
60182,SE3
60183,SE3
60184,SE3
60185,SE3
60186,SE3
60187,SE3
60188,SE3
60189,SE3
60200,SE3
60201,SE3
60202,SE3
60203,SE3
60204,SE3
60205,SE3
60206,SE3
60208,SE3
60209,SE3
60210,SE3
60211,SE3
60212,SE3
60213,SE3
60214,SE3
60215,SE3
60216,SE3
60217,SE3
60218,SE3
60219,SE3
60220,SE3
60221,SE3
60222,SE3
60223,SE3
60224,SE3
60225,SE3
60226,SE3
60227,SE3
60228,SE3
60229,SE3
60230,SE3
60231,SE3
60232,SE3
60233,SE3
60234,SE3
60235,SE3
60238,SE3
60239,SE3
60240,SE3
60241,SE3
60242,SE3
60243,SE3
60244,SE3
60245,SE3
60246,SE3
60247,SE3
60300,SE3
60301,SE3
60302,SE3
60336,SE3
60337,SE3
60345,SE3
60347,SE3
60348,SE3
60349,SE3
60350,SE3
60351,SE3
60352,SE3
60353,SE3
60354,SE3
60355,SE3
60356,SE3
60357,SE3
60358,SE3
60359,SE3
60360,SE3
60361,SE3
60362,SE3
60363,SE3
60364,SE3
60365,SE3
60366,SE3
60367,SE3
60368,SE3
60369,SE3
60370,SE3
60371,SE3
60372,SE3
60373,SE3
60374,SE3
60375,SE3
60376,SE3
60377,SE3
60378,SE3
60379,SE3
60380,SE3
60381,SE3
60383,SE3
60385,SE3
60386,SE3
60387,SE3
60400,SE3
60500,SE3
60560,SE3
60570,SE3
60580,SE3
60584,SE3
60591,SE3
60592,SE3
60593,SE3
60594,SE3
60595,SE3
60596,SE3
60597,SE3
60599,SE3
60801,SE3
60803,SE3
60910,SE3
60911,SE3
61024,SE3
61025,SE3
61027,SE3
61029,SE3
61031,SE3
61033,SE3
61100,SE3
61102,SE3
61103,SE3
61104,SE3
61105,SE3
61107,SE3
61108,SE3
61110,SE3
61111,SE3
61112,SE3
61114,SE3
61115,SE3
61116,Unknown
61120,SE3
61122,SE3
61123,SE3
61124,SE3
61125,SE3
61126,SE3
61127,SE3
61129,SE3
61130,SE3
61131,SE3
61132,SE3
61133,SE3
61134,SE3
61135,SE3
61136,SE3
61137,SE3
61138,SE3
61139,SE3
61144,SE3
61145,SE3
61146,SE3
61147,SE3
61150,SE3
61155,SE3
61156,SE3
61157,SE3
61160,SE3
61161,SE3
61162,SE3
61163,SE3
61164,SE3
61165,SE3
61166,SE3
61167,SE3
61168,SE3
61170,SE3
61172,SE3
61173,SE3
61174,SE3
61175,SE3
61176,Unknown
61179,SE3
61180,SE3
61181,SE3
61182,SE3
61183,SE3
61184,SE3
61185,SE3
61186,SE3
61188,SE3
61189,SE3
61190,SE3
61191,SE3
61192,SE3
61193,SE3
61194,SE3
61195,SE3
61196,SE3
61197,SE3
61198,SE3
61199,SE3
61201,SE3
61202,SE3
61203,SE3
61220,SE3
61221,SE3
61222,SE3
61223,SE3
61224,SE3
61225,SE3
61230,SE3
61231,SE3
61232,SE3
61233,SE3
61234,SE3
61235,SE3
61236,SE3
61237,SE3
61238,SE3
61240,SE3
61241,SE3
61242,SE3
61243,SE3
61244,SE3
61245,SE3
61246,SE3
61271,SE3
61272,SE3
61273,SE3
61274,SE3
61275,SE3
61276,SE3
61280,SE3
61281,SE3
61282,SE3
61283,SE3
61291,SE3
61292,SE3
61293,SE3
61294,SE3
61295,SE3
61296,SE3
61300,SE3
61320,SE3
61321,SE3
61322,SE3
61323,SE3
61330,SE3
61331,SE3
61332,SE3
61333,SE3
61335,SE3
61336,SE3
61337,SE3
61338,SE3
61340,SE3
61341,SE3
61351,SE3
61380,SE3
61381,SE3
61401,SE3
61420,SE3
61421,SE3
61422,SE3
61430,SE3
61431,SE3
61432,SE3
61433,SE3
61434,SE3
61480,SE3
61481,SE3
61482,SE3
61490,SE3
61492,SE3
61493,SE3
61494,SE3
61495,SE3
61496,SE3
61497,SE3
61498,SE3
61499,SE3
61501,SE3
61502,SE3
61520,SE3
61521,SE3
61522,SE3
61523,SE3
61524,SE3
61530,SE3
61531,SE3
61532,SE3
61533,SE3
61571,SE3
61572,SE3
61573,SE3
61574,SE3
61575,SE3
61580,SE3
61591,SE3
61592,SE3
61593,SE3
61594,SE3
61595,SE3
61596,SE3
61600,SE3
61621,SE3
61622,SE3
61630,SE3
61631,SE3
61632,SE3
61633,SE3
61634,SE3
61690,SE3
61691,SE3
61700,SE3
61710,SE3
61720,SE3
61721,SE3
61722,SE3
61730,SE3
61731,SE3
61732,SE3
61734,SE3
61771,SE3
61790,SE3
61791,SE3
61792,SE3
61800,SE3
61821,SE3
61830,SE3
61831,SE3
61832,SE3
61833,SE3
61834,SE3
61835,SE3
61892,SE3
61893,SE3
61895,SE4
61901,SE3
61902,SE3
61920,SE3
61921,SE3
61922,SE3
61923,SE3
61930,SE3
61931,SE3
61932,SE3
61933,SE3
61934,SE3
61935,SE3
61936,SE3
61971,SE3
61972,SE3
61973,SE3
61980,SE3
61991,SE3
61992,SE3
61994,SE3
61995,SE3
62100,SE4
62111,SE4
62112,SE4
62113,SE4
62114,SE4
62120,SE4
62121,SE4
62122,SE4
62123,SE4
62124,SE4
62125,SE4
62126,SE4
62137,SE4
62138,SE4
62139,SE4
62140,SE4
62141,SE4
62142,SE4
62143,SE4
62144,SE4
62145,SE4
62146,SE4
62147,SE4
62149,SE4
62150,SE4
62151,SE4
62152,SE4
62153,SE4
62154,SE4
62155,SE4
62156,SE4
62157,SE4
62158,SE4
62167,SE4
62170,SE4
62171,SE4
62173,SE4
62174,SE4
62175,SE4
62176,SE4
62177,SE4
62178,SE4
62179,SE4
62180,SE4
62181,SE4
62182,SE4
62183,SE4
62184,SE4
62185,SE4
62187,SE4
62188,SE4
62189,SE4
62191,SE4
62192,SE4
62193,SE4
62194,SE4
62195,SE4
62196,SE4
62199,SE4
62230,SE4
62232,SE4
62234,SE4
62236,SE4
62238,SE4
62240,SE4
62242,SE4
62244,SE4
62246,SE4
62248,SE4
62250,SE4
62252,SE4
62254,SE4
62256,SE4
62258,SE4
62259,SE4
62260,SE4
62261,SE4
62265,SE4
62266,SE4
62270,SE4
62275,SE4
62276,SE4
62300,SE4
62311,SE4
62312,SE4
62313,SE4
62314,SE4
62315,SE4
62316,SE4
62320,SE4
62321,Unknown
62325,Unknown
62330,SE4
62331,SE4
62332,SE4
62333,SE4
62335,SE4
62336,SE4
62337,SE4
62338,SE4
62340,SE4
62341,SE4
62342,SE4
62343,SE4
62344,SE4
62346,SE4
62347,SE4
62348,SE4
62349,SE4
62350,SE4
62351,SE4
62352,SE4
62353,SE4
62354,SE4
62355,SE4
62356,SE4
62357,SE4
62359,SE4
62360,SE4
62361,SE4
62362,Unknown
62363,Unknown
62364,Unknown
62365,Unknown
62366,Unknown
62367,SE4
62368,SE4
62369,SE4
62370,SE4
62371,SE4
62372,SE4
62374,SE4
62375,SE4
62376,SE4
62377,SE4
62378,SE4
62379,SE4
62400,SE4
62420,SE4
62421,SE4
62422,SE4
62430,SE4
62432,SE4
62434,SE4
62436,SE4
62438,SE4
62440,SE4
62442,SE4
62444,SE4
62446,SE4
62448,SE4
62449,SE4
62450,SE4
62452,SE4
62453,SE4
62454,SE4
62455,SE4
62456,SE4
62458,SE4
62460,SE4
62462,Unknown
62464,Unknown
62465,Unknown
62466,SE4
62467,SE4
62470,Unknown
63003,SE3
63004,SE3
63005,SE3
63006,SE3
63008,SE3
63009,SE3
63014,SE3
63101,SE3
63102,SE3
63103,SE3
63104,SE3
63105,SE3
63106,SE3
63107,SE3
63108,SE3
63180,SE3
63181,SE3
63185,SE3
63186,SE3
63187,SE3
63188,SE3
63189,SE3
63193,SE3
63194,SE3
63201,SE3
63217,SE3
63218,SE3
63219,SE3
63220,SE3
63221,SE3
63222,SE3
63223,SE3
63224,SE3
63225,SE3
63226,SE3
63227,SE3
63228,SE3
63229,SE3
63230,SE3
63231,SE3
63232,SE3
63233,SE3
63234,SE3
63235,SE3
63236,SE3
63237,SE3
63239,SE3
63301,SE3
63302,SE3
63340,SE3
63341,SE3
63342,SE3
63343,SE3
63344,SE3
63345,SE3
63346,SE3
63347,SE3
63348,SE3
63349,SE3
63350,SE3
63351,SE3
63352,SE3
63353,SE3
63354,SE3
63355,SE3
63356,SE3
63357,SE3
63358,SE3
63359,SE3
63360,SE3
63361,SE3
63362,SE3
63363,SE3
63369,SE3
63370,SE3
63401,SE3
63502,SE3
63503,SE3
63504,SE3
63505,SE3
63506,SE3
63507,SE3
63508,SE3
63509,SE3
63510,SE3
63511,SE3
63512,SE3
63513,SE3
63514,SE3
63517,SE3
63518,SE3
63519,SE3
63520,SE3
63530,SE3
63531,SE3
63532,SE3
63533,SE3
63534,SE3
63535,SE3
63536,SE3
63537,SE3
63538,SE3
63801,SE3
64101,SE3
64102,SE3
64103,SE3
64105,SE3
64120,SE3
64121,SE3
64122,SE3
64123,SE3
64127,SE3
64130,SE3
64131,SE3
64132,SE3
64133,SE3
64134,SE3
64135,SE3
64136,SE3
64137,SE3
64138,SE3
64139,SE3
64145,SE3
64146,SE3
64147,SE3
64148,SE3
64149,SE3
64150,SE3
64151,SE3
64152,SE3
64153,SE3
64161,SE3
64162,SE3
64163,SE3
64164,SE3
64180,SE3
64181,SE3
64182,SE3
64191,SE3
64192,SE3
64193,SE3
64194,SE3
64195,SE3
64196,SE3
64197,SE3
64198,SE3
64199,SE3
64201,SE3
64206,SE3
64220,SE3
64221,SE3
64222,SE3
64223,SE3
64224,SE3
64228,SE3
64231,SE3
64232,SE3
64233,SE3
64234,SE3
64235,SE3
64236,SE3
64237,SE3
64260,SE3
64261,SE3
64262,SE3
64263,SE3
64281,SE3
64283,SE3
64291,SE3
64292,SE3
64293,SE3
64294,SE3
64295,SE3
64296,SE3
64297,SE3
64298,SE3
64301,SE3
64306,SE3
64320,SE3
64321,SE3
64322,SE3
64330,SE3
64331,SE3
64332,SE3
64333,SE3
64360,SE3
64362,SE3
64380,SE3
64391,SE3
64392,SE3
64393,SE3
64394,SE3
64395,SE3
64396,SE3
64397,SE3
64398,SE3
64399,SE3
64401,SE3
64420,SE3
64421,SE3
64422,SE3
64430,SE3
64431,SE3
64432,SE3
64433,SE3
64434,SE3
64435,SE3
64436,SE3
64480,SE3
64500,SE3
64501,SE3
64502,SE3
64506,SE3
64510,SE3
64520,SE3
64521,SE3
64522,SE3
64523,SE3
64524,SE3
64525,SE3
64530,SE3
64531,SE3
64532,SE3
64533,SE3
64534,SE3
64535,SE3
64540,SE3
64541,SE3
64542,SE3
64543,SE3
64544,SE3
64545,SE3
64547,SE3
64550,SE3
64551,SE3
64552,SE3
64561,SE3
64562,SE3
64571,SE3
64580,SE3
64582,SE3
64583,SE3
64584,SE3
64587,SE3
64588,SE3
64591,SE3
64592,SE3
64593,SE3
64594,SE3
64596,SE3
64597,SE3
64601,SE3
64602,SE3
64603,SE3
64620,SE3
64621,SE3
64622,SE3
64623,SE3
64630,SE3
64631,SE3
64632,SE3
64633,SE3
64634,SE3
64635,SE3
64650,SE3
64651,SE3
64680,SE3
64691,SE3
64692,SE3
64693,SE3
64694,SE3
64695,SE3
64696,SE3
64705,SE3
64720,SE3
64721,SE3
64722,SE3
64723,SE3
64724,SE3
64730,SE3
64731,SE3
64732,SE3
64733,SE3
64735,SE3
64750,SE3
64751,SE3
64752,SE3
64783,SE3
64791,SE3
64792,SE3
64793,SE3
64795,SE3
64806,SE3
64830,SE3
64831,SE3
64930,SE3
64991,SE3
65001,SE3
65002,SE3
65004,SE3
65005,SE3
65007,SE3
65008,SE3
65009,SE3
65012,SE3
65100,SE3
65102,SE3
65103,SE3
65104,SE3
65105,SE3
65106,SE3
65107,SE3
65108,SE3
65109,SE3
65110,SE3
65111,SE3
65112,SE3
65113,SE3
65114,SE3
65115,SE3
65119,SE3
65121,SE3
65122,SE3
65128,SE3
65180,SE3
65181,SE3
65182,SE3
65183,SE3
65184,SE3
65185,SE3
65186,SE3
65187,SE3
65188,SE3
65189,SE3
65201,SE3
65210,SE3
65211,SE3
65212,SE3
65213,SE3
65214,SE3
65215,SE3
65216,SE3
65217,SE3
65218,SE3
65219,SE3
65220,SE3
65221,SE3
65222,SE3
65223,SE3
65224,SE3
65225,SE3
65226,SE3
65227,SE3
65228,SE3
65229,SE3
65230,SE3
65231,SE3
65232,SE3
65233,SE3
65301,SE3
65338,SE3
65339,SE3
65340,SE3
65341,SE3
65342,SE3
65343,SE3
65344,SE3
65345,SE3
65346,SE3
65347,SE3
65348,SE3
65349,SE3
65350,SE3
65351,SE3
65352,SE3
65455,SE3
65457,SE3
65458,SE3
65459,SE3
65460,SE3
65461,SE3
65462,SE3
65463,SE3
65464,SE3
65465,SE3
65466,SE3
65467,SE3
65468,SE3
65469,SE3
65502,SE3
65560,SE3
65561,SE3
65591,SE3
65592,SE3
65593,SE3
65594,SE3
65595,SE3
65596,SE3
65597,SE3
65598,SE3
65601,SE3
65631,SE3
65632,SE3
65633,SE3
65634,SE3
65635,SE3
65636,SE3
65637,SE3
65638,SE3
65639,SE3
65671,SE3
65672,SE3
65800,SE3
65997,SE3
65998,SE3
65999,SE3
66100,SE3
66120,SE3
66121,SE3
66122,SE3
66123,SE3
66124,SE3
66125,SE3
66126,SE3
66129,SE3
66130,SE3
66131,SE3
66132,SE3
66133,SE3
66140,SE3
66141,SE3
66142,SE3
66143,SE3
66180,SE3
66181,SE3
66191,SE3
66192,SE3
66193,SE3
66194,SE3
66195,SE3
66196,SE3
66200,SE3
66203,SE3
66220,SE3
66221,SE3
66222,SE3
66223,SE3
66224,SE3
66227,SE3
66230,SE3
66231,SE3
66232,SE3
66233,SE3
66234,SE3
66235,SE3
66236,SE3
66237,SE3
66250,SE3
66291,SE3
66292,SE3
66295,SE3
66296,SE3
66297,SE3
66298,SE3
66301,SE3
66311,SE3
66312,SE3
66320,SE3
66321,SE3
66322,SE3
66329,SE3
66330,SE3
66331,SE3
66332,SE3
66333,SE3
66334,SE3
66340,SE3
66341,SE3
66342,SE3
66343,SE3
66391,SE3
66392,SE3
66401,SE3
66420,SE3
66421,SE3
66422,SE3
66423,SE3
66428,SE3
66430,SE3
66431,SE3
66432,SE3
66433,SE3
66434,SE3
66440,SE3
66450,SE3
66451,SE3
66452,SE3
66480,SE3
66491,SE3
66492,SE3
66493,SE3
66494,SE3
66495,SE3
66496,SE3
66501,SE3
66520,SE3
66521,SE3
66522,SE3
66523,SE3
66524,SE3
66525,SE3
66530,SE3
66531,SE3
66532,SE3
66533,SE3
66534,SE3
66535,SE3
66591,SE3
66592,SE3
66593,SE3
66594,SE3
66600,SE3
66620,SE3
66621,SE3
66622,SE3
66623,SE3
66624,SE3
66625,SE3
66630,SE3
66631,SE3
66632,SE3
66640,SE3
66641,SE3
66691,SE3
66692,SE3
66693,SE3
66694,SE3
66695,SE3
66701,SE3
66720,SE3
66721,SE3
66722,SE3
66730,SE3
66731,SE3
66732,SE3
66733,SE3
66734,SE3
66791,SE3
66800,SE3
66820,SE3
66821,SE3
66822,SE3
66824,SE3
66830,SE3
66831,SE3
66832,SE3
66840,SE3
66888,SE3
66891,SE3
66892,SE3
66893,SE3
66894,SE3
66895,SE3
66921,SE3
66922,SE3
66930,SE3
66931,SE3
66932,SE3
66991,SE3
66992,SE3
67101,SE3
67120,SE3
67121,SE3
67122,SE3
67123,SE3
67124,SE3
67125,SE3
67126,SE3
67127,SE3
67129,SE3
67130,SE3
67131,SE3
67132,SE3
67133,SE3
67134,SE3
67140,SE3
67141,SE3
67142,SE3
67150,SE3
67151,SE3
67152,SE3
67160,SE3
67170,SE3
67180,SE3
67181,SE3
67182,SE3
67191,SE3
67192,SE3
67193,SE3
67194,SE3
67195,SE3
67196,SE3
67197,SE3
67198,SE3
67201,SE3
67202,SE3
67220,SE3
67221,SE3
67222,SE3
67223,SE3
67229,SE3
67230,SE3
67231,SE3
67232,SE3
67241,SE3
67291,SE3
67292,SE3
67293,SE3
67294,SE3
67295,SE3
67296,SE3
67301,SE3
67302,SE3
67320,SE3
67321,SE3
67322,SE3
67331,SE3
67332,SE3
67334,SE3
67335,SE3
67337,SE3
67391,SE3
67392,SE3
67393,SE3
67396,SE3
67397,SE3
67398,SE3
67399,SE3
68051,SE3
68052,SE3
68060,SE3
68061,SE3
68063,SE3
68065,SE3
68101,SE3
68104,SE3
68106,SE3
68120,SE3
68121,SE3
68122,SE3
68123,SE3
68124,SE3
68125,SE3
68126,SE3
68127,SE3
68128,SE3
68129,SE3
68130,SE3
68131,SE3
68132,SE3
68133,SE3
68134,SE3
68135,SE3
68136,SE3
68137,SE3
68138,SE3
68140,SE3
68141,SE3
68142,SE3
68143,SE3
68150,SE3
68151,SE3
68152,SE3
68153,SE3
68154,SE3
68155,SE3
68160,SE3
68161,SE3
68180,SE3
68183,SE3
68184,SE3
68185,SE3
68191,SE3
68192,SE3
68193,SE3
68194,SE3
68195,SE3
68196,SE3
68201,SE3
68203,SE3
68204,SE3
68220,SE3
68221,SE3
68222,SE3
68223,SE3
68224,SE3
68227,SE3
68230,SE3
68231,SE3
68232,SE3
68233,SE3
68234,SE3
68240,SE3
68260,SE3
68282,SE3
68290,SE3
68291,SE3
68292,SE3
68293,SE3
68294,SE3
68301,SE3
68302,SE3
68320,SE3
68321,SE3
68322,SE3
68323,SE3
68324,SE3
68329,SE3
68330,SE3
68331,SE3
68332,SE3
68333,SE3
68334,SE3
68340,SE3
68360,SE3
68361,SE3
68362,SE3
68380,SE3
68385,SE3
68391,SE3
68392,SE3
68393,SE3
68394,SE3
68395,SE3
68421,SE3
68422,SE3
68423,SE3
68428,SE3
68430,SE3
68431,SE3
68432,SE3
68491,SE3
68492,SE3
68493,SE3
68495,SE3
68501,SE3
68520,SE3
68521,SE3
68522,SE3
68523,SE3
68524,SE3
68525,SE3
68529,SE3
68530,SE3
68532,SE3
68533,SE3
68534,SE3
68580,SE3
68591,SE3
68592,SE3
68593,SE3
68594,SE3
68597,SE3
68601,SE3
68620,SE3
68621,SE3
68622,SE3
68623,SE3
68624,SE3
68625,SE3
68626,SE3
68628,SE3
68629,SE3
68630,SE3
68631,SE3
68633,SE3
68634,SE3
68635,SE3
68680,SE3
68691,SE3
68692,SE3
68693,SE3
68694,SE3
68695,SE3
68696,SE3
68697,SE3
68698,SE3
68821,SE3
68822,SE3
68823,SE3
68829,SE3
68830,SE3
68831,SE3
68891,SE3
68892,SE3
69101,SE3
69102,SE3
69105,SE3
69120,SE3
69121,SE3
69122,SE3
69123,SE3
69124,SE3
69125,SE3
69127,SE3
69131,SE3
69132,SE3
69133,SE3
69134,SE3
69135,SE3
69136,SE3
69137,SE3
69138,SE3
69141,SE3
69142,SE3
69143,SE3
69144,SE3
69145,SE3
69146,SE3
69147,SE3
69148,SE3
69150,SE3
69151,SE3
69152,SE3
69153,SE3
69154,SE3
69175,SE3
69176,SE3
69178,SE3
69179,SE3
69180,SE3
69181,SE3
69182,SE3
69183,SE3
69185,SE3
69186,SE3
69188,SE3
69191,SE3
69192,SE3
69193,SE3
69194,SE3
69201,SE3
69220,SE3
69221,SE3
69222,SE3
69223,SE3
69224,SE3
69225,SE3
69229,SE3
69230,SE3
69231,SE3
69232,SE3
69233,SE3
69234,SE3
69235,SE3
69236,SE3
69237,SE3
69238,SE3
69271,SE3
69272,SE3
69273,SE3
69275,SE3
69280,SE3
69281,SE3
69282,SE3
69284,SE3
69285,SE3
69291,SE3
69292,SE3
69293,SE3
69301,SE3
69320,SE3
69321,SE3
69322,SE3
69329,SE3
69330,SE3
69331,SE3
69332,SE3
69333,SE3
69334,SE3
69335,SE3
69370,SE3
69373,SE3
69380,SE3
69381,SE3
69391,SE3
69392,SE3
69393,SE3
69394,SE3
69395,SE3
69400,SE3
69401,SE3
69402,SE3
69420,SE3
69421,SE3
69422,SE3
69423,SE3
69424,SE3
69430,SE3
69431,SE3
69432,SE3
69433,SE3
69434,SE3
69435,SE3
69436,SE3
69437,SE3
69450,SE3
69460,SE3
69472,SE3
69480,SE3
69481,SE3
69482,SE3
69483,SE3
69491,SE3
69492,SE3
69493,SE3
69494,SE3
69495,SE3
69496,SE3
69497,SE3
69498,SE3
69499,SE3
69501,SE3
69520,SE3
69521,SE3
69522,SE3
69530,SE3
69531,SE3
69532,SE3
69550,SE3
69560,SE3
69572,SE3
69580,SE3
69581,SE3
69584,SE3
69585,SE3
69591,SE3
69592,SE3
69593,SE3
69594,SE3
69595,SE3
69596,SE3
69597,SE3
69601,SE3
69620,SE3
69621,SE3
69622,SE3
69623,SE3
69630,SE3
69631,SE3
69632,SE3
69633,SE3
69634,SE3
69673,SE3
69674,SE3
69675,SE3
69676,SE3
69680,SE3
69681,SE3
69682,SE3
69691,SE3
69692,SE3
69693,SE3
69694,SE3
69695,SE3
69696,SE3
69697,SE3
69721,SE3
69722,SE3
69730,SE3
69731,SE3
69732,SE3
69774,SE3
69780,SE3
69791,SE3
69792,SE3
69793,SE3
69794,SE3
70002,SE3
70005,SE3
70006,SE3
70008,SE3
70009,SE3
70014,SE3
70100,SE3
70111,SE3
70112,SE3
70113,SE3
70114,SE3
70115,SE3
70116,SE3
70117,SE3
70118,SE3
70123,SE3
70130,SE3
70131,SE3
70132,SE3
70133,SE3
70135,SE3
70140,SE3
70141,SE3
70142,SE3
70143,SE3
70144,SE3
70145,SE3
70146,SE3
70147,SE3
70148,SE3
70149,SE3
70150,SE3
70171,SE3
70179,SE3
70180,SE3
70181,SE3
70182,SE3
70184,SE3
70185,SE3
70186,SE3
70187,SE3
70188,SE3
70189,SE3
70190,SE3
70191,SE3
70192,SE3
70193,SE3
70194,SE3
70195,SE3
70196,SE3
70197,SE3
70198,SE3
70199,SE3
70201,SE3
70202,SE3
70203,SE3
70204,SE3
70205,SE3
70210,SE3
70211,SE3
70212,SE3
70213,SE3
70214,SE3
70215,SE3
70216,SE3
70217,SE3
70218,SE3
70219,SE3
70221,SE3
70222,SE3
70223,SE3
70224,SE3
70225,SE3
70226,SE3
70227,SE3
70228,SE3
70229,SE3
70230,SE3
70231,SE3
70232,SE3
70233,SE3
70234,SE3
70235,SE3
70236,SE3
70237,SE3
70239,SE3
70240,SE3
70241,SE3
70242,SE3
70281,SE3
70282,SE3
70283,SE3
70284,SE3
70285,SE3
70286,SE3
70287,SE3
70298,SE3
70299,SE3
70301,SE3
70302,SE3
70303,SE3
70340,SE3
70341,SE3
70342,SE3
70343,SE3
70344,SE3
70345,SE3
70346,SE3
70347,SE3
70348,SE3
70349,SE3
70350,SE3
70351,SE3
70352,SE3
70353,SE3
70354,SE3
70355,SE3
70356,SE3
70357,SE3
70358,SE3
70359,SE3
70360,SE3
70361,SE3
70362,SE3
70363,SE3
70364,SE3
70365,SE3
70366,SE3
70367,SE3
70368,SE3
70369,SE3
70370,SE3
70371,SE3
70372,SE3
70373,SE3
70374,SE3
70375,SE3
70376,SE3
70378,SE3
70380,SE3
70381,SE3
70382,SE3
70383,SE3
70385,SE3
70510,SE3
70591,SE3
70592,SE3
70593,SE3
70594,SE3
70595,SE3
70596,SE3
70597,SE3
70598,SE3
70800,SE3
70801,SE3
70804,SE3
70806,SE3
71101,SE3
71102,SE3
71104,SE3
71120,SE3
71121,SE3
71122,SE3
71130,SE3
71131,SE3
71132,SE3
71133,SE3
71134,SE3
71135,SE3
71136,SE3
71172,SE3
71176,SE3
71177,SE3
71178,SE3
71180,SE3
71181,SE3
71182,SE3
71191,SE3
71192,SE3
71193,SE3
71194,SE3
71195,SE3
71196,SE3
71197,SE3
71198,SE3
71201,SE3
71202,SE3
71220,SE3
71221,SE3
71230,SE3
71231,SE3
71232,SE3
71233,SE3
71234,SE3
71260,SE3
71280,SE3
71281,SE3
71282,SE3
71283,SE3
71291,SE3
71293,SE3
71294,SE3
71295,SE3
71301,SE3
71320,SE3
71321,SE3
71322,SE3
71323,SE3
71330,SE3
71331,SE3
71332,SE3
71333,SE3
71334,SE3
71372,SE3
71380,SE3
71382,SE3
71391,SE3
71392,SE3
71393,SE3
71394,SE3
71401,SE3
71420,SE3
71421,SE3
71422,SE3
71430,SE3
71431,SE3
71432,SE3
71433,SE3
71434,SE3
71435,SE3
71436,SE3
71437,SE3
71472,SE3
71480,SE3
71481,SE3
71482,SE3
71491,SE3
71492,SE3
71493,SE3
71494,SE3
71501,SE3
71520,SE3
71531,SE3
71532,SE3
71572,SE3
71591,SE3
71592,SE3
71593,SE3
71594,SE3
71595,SE3
71596,SE3
71620,SE3
71621,SE3
71630,SE3
71631,SE3
71681,SE3
71691,SE3
71692,SE3
71693,SE3
71694,SE3
71820,SE3
71821,SE3
71822,SE3
71830,SE3
71831,SE3
71832,SE3
71833,SE3
71840,SE3
71880,SE3
71881,SE3
71891,SE3
71892,SE3
71893,SE3
71894,SE3
71895,SE3
71896,SE3
71897,SE3
71930,SE3
71931,SE3
71932,SE3
71940,SE3
71941,SE3
71980,SE3
71991,SE3
71992,SE3
71993,SE3
71994,SE3
71995,SE3
72001,SE3
72002,SE3
72003,SE3
72007,SE3
72010,SE3
72011,SE3
72012,SE3
72016,SE3
72017,SE3
72018,SE3
72020,SE3
72100,SE3
72101,SE3
72103,SE3
72104,SE3
72105,SE3
72106,SE3
72107,SE3
72108,SE3
72109,SE3
72110,SE3
72111,SE3
72119,SE3
72120,SE3
72122,SE3
72123,SE3
72126,SE3
72127,SE3
72128,SE3
72129,SE3
72130,SE3
72131,SE3
72132,SE3
72133,SE3
72134,SE3
72135,SE3
72136,SE3
72137,SE3
72138,SE3
72150,SE3
72151,SE3
72153,SE3
72157,SE3
72159,SE3
72161,SE3
72162,SE3
72163,SE3
72164,SE3
72165,SE3
72166,SE3
72167,SE3
72168,SE3
72169,SE3
72170,SE3
72171,SE3
72173,SE3
72174,SE3
72175,SE3
72176,SE3
72178,SE3
72182,SE3
72183,SE3
72184,SE3
72186,SE3
72187,SE3
72189,SE3
72209,SE3
72210,SE3
72211,SE3
72212,SE3
72213,SE3
72214,SE3
72215,SE3
72216,SE3
72217,SE3
72218,SE3
72219,SE3
72220,SE3
72221,SE3
72222,SE3
72223,SE3
72224,SE3
72225,SE3
72226,SE3
72227,SE3
72228,SE3
72231,SE3
72233,SE3
72240,SE3
72241,SE3
72242,SE3
72243,SE3
72244,SE3
72245,SE3
72246,SE3
72301,SE3
72334,SE3
72335,SE3
72336,SE3
72337,SE3
72338,SE3
72339,SE3
72340,SE3
72341,SE3
72342,SE3
72343,SE3
72344,SE3
72345,SE3
72346,SE3
72347,SE3
72348,SE3
72349,SE3
72350,SE3
72351,SE3
72352,SE3
72353,SE3
72355,SE3
72356,SE3
72357,SE3
72358,SE3
72359,SE3
72455,SE3
72460,SE3
72461,SE3
72462,SE3
72463,SE3
72464,SE3
72465,SE3
72466,SE3
72467,SE3
72468,SE3
72469,SE3
72470,SE3
72471,SE3
72472,SE3
72473,SE3
72474,SE3
72475,SE3
72476,SE3
72477,SE3
72478,SE3
72479,SE3
72480,SE3
72481,SE3
72482,SE3
72483,SE3
72487,SE3
72590,SE3
72591,SE3
72592,SE3
72593,SE3
72594,SE3
72595,SE3
72596,SE3
72597,SE3
72598,SE3
72620,SE3
72630,SE3
72631,SE3
72691,SE3
72692,SE3
72805,SE3
72820,SE3
73101,SE3
73102,SE3
73103,SE3
73110,SE3
73111,SE3
73112,SE3
73113,SE3
73114,SE3
73115,SE3
73120,SE3
73121,SE3
73122,SE3
73123,SE3
73124,SE3
73125,SE3
73126,SE3
73127,SE3
73129,SE3
73130,SE3
73131,SE3
73132,SE3
73133,SE3
73134,SE3
73135,SE3
73136,SE3
73137,SE3
73140,SE3
73141,SE3
73142,SE3
73143,SE3
73150,SE3
73151,SE3
73152,SE3
73153,SE3
73154,SE3
73160,SE3
73170,SE3
73180,SE3
73181,SE3
73185,SE3
73191,SE3
73192,SE3
73193,SE3
73194,SE3
73195,SE3
73196,SE3
73197,SE3
73198,SE3
73201,SE3
73202,SE3
73220,SE3
73221,SE3
73222,SE3
73223,SE3
73224,SE3
73225,SE3
73226,SE3
73230,SE3
73231,SE3
73232,SE3
73233,SE3
73234,SE3
73245,SE3
73246,SE3
73247,SE3
73248,SE3
73249,SE3
73250,SE3
73271,SE3
73272,SE3
73273,SE3
73281,SE3
73291,SE3
73292,SE3
73293,SE3
73294,SE3
73295,SE3
73296,SE3
73297,SE3
73298,SE3
73301,SE3
73320,SE3
73321,SE3
73322,SE3
73323,SE3
73325,SE3
73330,SE3
73331,SE3
73332,SE3
73333,SE3
73334,SE3
73335,SE3
73336,SE3
73337,SE3
73338,SE3
73339,SE3
73340,SE3
73360,SE3
73361,SE3
73362,SE3
73363,SE3
73373,SE3
73375,SE3
73391,SE3
73392,SE3
73393,SE3
73394,SE3
73395,SE3
73396,SE3
73397,SE3
73398,SE3
73399,SE3
73401,SE3
73420,SE3
73421,SE3
73422,SE3
73423,SE3
73424,SE3
73425,SE3
73427,SE3
73428,SE3
73430,SE3
73431,SE3
73432,SE3
73433,SE3
73434,SE3
73435,SE3
73436,SE3
73437,SE3
73438,SE3
73439,SE3
73440,SE3
73450,SE3
73451,SE3
73480,SE3
73491,SE3
73492,SE3
73493,SE3
73494,SE3
73502,SE3
73520,SE3
73521,SE3
73522,SE3
73523,SE3
73531,SE3
73532,SE3
73533,SE3
73534,SE3
73535,SE3
73536,SE3
73537,SE3
73538,SE3
73560,SE3
73591,SE3
73592,SE3
73621,SE3
73622,SE3
73623,SE3
73625,SE3
73630,SE3
73631,SE3
73632,SE3
73633,SE3
73634,SE3
73635,SE3
73636,SE3
73685,SE3
73691,SE3
73692,SE3
73693,SE3
73700,SE3
73701,SE3
73702,SE3
73703,SE3
73720,SE3
73721,SE3
73722,SE3
73723,SE3
73724,SE3
73725,SE3
73726,SE3
73730,SE3
73731,SE3
73732,SE3
73733,SE3
73734,SE3
73740,SE3
73741,SE3
73742,SE3
73743,SE3
73744,SE3
73745,SE3
73746,SE3
73747,SE3
73748,SE3
73749,SE3
73761,SE3
73780,SE3
73781,SE3
73782,SE3
73783,SE3
73784,SE3
73790,SE3
73791,SE3
73792,SE3
73821,SE3
73822,SE3
73830,SE3
73831,SE3
73832,SE3
73833,SE3
73834,SE3
73835,SE3
73850,SE3
73891,SE3
73892,SE3
73920,SE3
73921,SE3
73922,SE3
73930,SE3
73931,SE3
73970,SE3
73991,SE3
73992,SE3
73993,SE3
74010,SE3
74011,SE3
74012,SE3
74044,SE3
74045,SE3
74046,SE3
74047,SE3
74048,SE3
74101,SE3
74120,SE3
74121,SE3
74122,SE3
74123,SE3
74124,SE3
74130,SE3
74131,SE3
74139,SE3
74140,SE3
74141,SE3
74142,SE3
74143,SE3
74144,SE3
74145,SE3
74146,SE3
74147,SE3
74151,SE3
74152,SE3
74171,SE3
74175,SE3
74176,SE3
74177,SE3
74178,SE3
74180,SE3
74190,SE3
74191,SE3
74192,SE3
74193,SE3
74194,SE3
74195,SE3
74200,SE3
74203,SE3
74220,SE3
74221,SE3
74231,SE3
74232,SE3
74233,SE3
74234,SE3
74235,SE3
74236,SE3
74241,SE3
74242,SE3
74243,SE3
74250,SE3
74291,SE3
74292,SE3
74293,SE3
74294,SE3
74295,SE3
74296,SE3
74297,SE3
74301,SE3
74305,SE3
74310,SE3
74320,SE3
74330,SE3
74332,SE3
74334,SE3
74335,SE3
74340,SE3
74341,SE3
74345,SE3
74350,SE3
74361,SE3
74362,SE3
74363,SE3
74364,SE3
74371,SE3
74372,SE3
74373,SE3
74374,SE3
74381,SE3
74382,SE3
74386,SE3
74387,SE3
74391,SE3
74392,SE3
74393,SE3
74394,SE3
74395,SE3
74401,SE3
74420,SE3
74421,SE3
74431,SE3
74432,SE3
74450,SE3
74451,SE3
74481,SE3
74482,SE3
74488,SE3
74491,SE3
74492,SE3
74493,SE3
74494,SE3
74495,SE3
74496,SE3
74497,SE3
74500,SE3
74502,SE3
74503,SE3
74510,SE3
74520,SE3
74521,SE3
74522,SE3
74523,SE3
74525,SE3
74526,SE3
74527,SE3
74528,SE3
74530,SE3
74531,SE3
74532,SE3
74533,SE3
74534,SE3
74536,SE3
74537,SE3
74538,SE3
74539,SE3
74560,SE3
74561,SE3
74562,SE3
74563,SE3
74569,SE3
74571,SE3
74580,SE3
74582,SE3
74583,SE3
74584,SE3
74585,SE3
74586,SE3
74588,SE3
74592,SE3
74593,SE3
74594,SE3
74595,SE3
74596,SE3
74597,SE3
74598,SE3
74599,SE3
74601,SE3
74620,SE3
74621,SE3
74622,SE3
74623,SE3
74624,SE3
74625,SE3
74626,SE3
74627,SE3
74629,SE3
74630,SE3
74631,SE3
74632,SE3
74633,SE3
74634,SE3
74635,SE3
74636,SE3
74637,SE3
74638,SE3
74639,SE3
74640,SE3
74641,SE3
74650,SE3
74651,SE3
74652,SE3
74680,SE3
74691,SE3
74692,SE3
74693,SE3
74694,SE3
74695,SE3
74696,SE3
74700,SE3
74701,SE3
74702,SE3
74703,SE3
74704,SE3
74705,SE3
74720,SE3
74721,SE3
74730,SE3
74731,SE3
74732,SE3
74740,SE3
74741,SE3
74742,SE3
74743,SE3
74744,SE3
74780,SE3
74791,SE3
74792,SE3
74793,SE3
74794,SE3
74795,SE3
74801,SE3
74820,SE3
74821,SE3
74822,SE3
74830,SE3
74831,SE3
74832,SE3
74840,SE3
74841,SE3
74842,SE3
74850,SE3
74891,SE3
74892,SE3
74893,SE3
74894,SE3
74895,SE3
74896,SE3
74900,SE3
74906,SE3
74935,SE3
74940,SE3
74941,SE3
74942,SE3
74943,SE3
74944,SE3
74945,SE3
74946,SE3
74947,SE3
74948,SE3
74949,SE3
74950,SE3
74951,SE3
74952,SE3
74959,SE3
74960,SE3
74961,SE3
74962,SE3
74963,SE3
74970,SE3
74971,SE3
74972,SE3
74981,SE3
75002,SE3
75003,SE3
75007,SE3
75009,SE3
75010,SE3
75015,SE3
75016,SE3
75017,SE3
75023,SE3
75024,SE3
75025,SE3
75026,SE3
75100,SE3
75103,SE3
75104,SE3
75105,SE3
75106,SE3
75108,SE3
75109,SE3
75110,SE3
75120,SE3
75121,SE3
75122,SE3
75123,SE3
75124,SE3
75125,SE3
75126,SE3
75127,SE3
75128,SE3
75135,SE3
75136,SE3
75137,SE3
75138,SE3
75140,SE3
75141,SE3
75142,SE3
75143,SE3
75144,SE3
75145,SE3
75146,SE3
75147,SE3
75148,SE3
75149,SE3
75170,SE3
75171,SE3
75174,SE3
75175,SE3
75176,SE3
75181,SE3
75182,SE3
75183,SE3
75184,SE3
75185,SE3
75186,SE3
75187,SE3
75188,SE3
75189,SE3
75200,SE3
75217,SE3
75218,SE3
75219,SE3
75220,SE3
75221,SE3
75222,SE3
75223,SE3
75224,SE3
75225,SE3
75226,SE3
75227,SE3
75228,SE3
75229,SE3
75230,SE3
75231,SE3
75232,SE3
75233,SE3
75234,SE3
75235,SE3
75236,SE3
75237,SE3
75238,SE3
75239,SE3
75240,SE3
75241,SE3
75242,SE3
75243,SE3
75244,SE3
75257,SE3
75258,SE3
75260,SE3
75261,SE3
75262,SE3
75263,SE3
75264,SE3
75265,SE3
75266,SE3
75267,SE3
75268,SE3
75269,SE3
75271,SE3
75272,SE3
75273,SE3
75300,SE3
75301,SE3
75302,SE3
75303,SE3
75308,SE3
75309,SE3
75310,SE3
75311,SE3
75312,SE3
75313,SE3
75314,SE3
75315,SE3
75316,SE3
75317,SE3
75318,SE3
75319,SE3
75320,SE3
75321,SE3
75322,SE3
75323,SE3
75324,SE3
75325,SE3
75326,SE3
75327,SE3
75328,SE3
75329,SE3
75330,SE3
75331,SE3
75332,SE3
75333,SE3
75334,SE3
75335,SE3
75336,SE3
75337,SE3
75340,SE3
75341,SE3
75342,SE3
75375,SE3
75380,SE3
75381,SE3
75382,SE3
75383,SE3
75400,SE3
75418,SE3
75419,SE3
75420,SE3
75421,SE3
75422,SE3
75423,SE3
75424,SE3
75425,SE3
75426,SE3
75427,SE3
75428,SE3
75429,SE3
75430,SE3
75431,SE3
75432,SE3
75433,SE3
75434,SE3
75435,SE3
75436,SE3
75437,SE3
75439,SE3
75440,SE3
75441,SE3
75442,SE3
75443,SE3
75444,SE3
75445,SE3
75446,SE3
75447,SE3
75448,SE3
75449,SE3
75450,SE3
75452,SE3
75453,SE3
75454,SE3
75460,SE3
75471,SE3
75473,SE3
75474,SE3
75500,SE3
75550,SE3
75576,SE3
75577,SE3
75578,SE3
75591,SE3
75592,SE3
75593,SE3
75594,SE3
75600,SE3
75642,SE3
75643,SE3
75644,SE3
75645,SE3
75646,SE3
75647,SE3
75648,SE3
75649,SE3
75650,SE3
75651,SE3
75652,SE3
75653,SE3
75654,SE3
75655,SE3
75656,SE3
75657,SE3
75658,SE3
75659,SE3
75700,SE3
75752,SE3
75753,SE3
75754,SE3
75755,SE3
75756,SE3
75757,SE3
75758,SE3
75759,SE3
75800,SE3
75801,SE3
75802,SE3
75803,SE3
75806,SE3
75852,SE3
75853,SE3
75854,SE3
75855,SE3
75856,SE3
75900,SE3
76015,SE3
76017,Unknown
76018,Unknown
76019,Unknown
76021,Unknown
76049,SE3
76100,SE3
76102,SE3
76103,SE3
76110,SE3
76111,SE3
76112,SE3
76113,SE3
76120,SE3
76121,SE3
76122,SE3
76123,SE3
76124,SE3
76128,SE3
76129,SE3
76130,SE3
76131,SE3
76132,SE3
76133,SE3
76134,SE3
76140,SE3
76141,SE3
76142,SE3
76143,SE3
76144,SE3
76145,SE3
76146,SE3
76150,SE3
76151,SE3
76152,SE3
76153,SE3
76154,SE3
76160,SE3
76161,SE3
76162,SE3
76163,SE3
76164,SE3
76165,SE3
76171,SE3
76172,SE3
76173,SE3
76174,SE3
76175,SE3
76176,SE3
76180,SE3
76184,SE3
76188,SE3
76191,SE3
76193,SE3
76194,SE3
76196,SE3
76197,SE3
76198,SE3
76200,SE3
76220,SE3
76221,SE3
76222,SE3
76223,SE3
76231,SE3
76241,SE3
76251,SE3
76261,SE3
76262,SE3
76271,SE3
76291,SE3
76292,SE3
76293,SE3
76294,SE3
76295,SE3
76296,SE3
76297,SE3
76298,SE3
76300,SE3
76320,SE3
76321,SE3
76322,SE3
76323,SE3
76330,SE3
76334,SE3
76335,SE3
76340,SE3
76341,SE3
76342,SE3
76343,SE3
76381,SE3
76382,SE3
76391,SE3
76392,SE3
76393,SE3
76394,SE3
76421,SE3
76430,SE3
76431,SE3
76453,SE3
76454,Unknown
76456,Unknown
76457,Unknown
76491,SE3
76492,SE3
76493,SE3
77010,SE3
77012,SE3
77013,SE3
77014,SE3
77101,SE3
77120,SE3
77121,SE3
77122,SE3
77123,SE3
77124,SE3
77125,SE3
77126,SE3
77128,SE3
77130,SE3
77131,SE3
77132,SE3
77133,SE3
77134,SE3
77135,SE3
77136,SE3
77140,SE3
77141,SE3
77142,SE3
77143,SE3
77150,SE3
77151,SE3
77152,SE3
77153,SE3
77154,SE3
77155,SE3
77160,SE3
77165,SE3
77180,SE3
77181,SE3
77182,SE3
77183,SE3
77184,SE3
77190,SE3
77192,SE3
77194,SE3
77201,SE3
77220,SE3
77221,SE3
77222,SE3
77230,SE3
77231,SE3
77232,SE3
77240,SE3
77250,SE3
77270,SE3
77280,SE3
77290,SE3
77294,SE3
77401,SE3
77404,SE3
77420,SE3
77421,SE3
77422,SE3
77423,SE3
77424,SE3
77427,SE3
77430,SE3
77431,SE3
77432,SE3
77433,SE3
77434,SE3
77435,SE3
77440,SE3
77441,SE3
77460,SE3
77461,SE3
77462,SE3
77463,SE3
77467,SE3
77468,SE3
77481,SE3
77482,SE3
77489,SE3
77491,SE3
77492,SE3
77493,SE3
77497,SE3
77498,SE3
77499,SE3
77525,SE3
77526,SE3
77550,SE3
77551,SE3
77553,SE3
77554,SE3
77570,SE3
77571,SE3
77595,SE3
77596,SE3
77601,SE3
77606,SE3
77620,SE3
77621,SE3
77622,SE3
77623,SE3
77628,SE3
77630,SE3
77631,SE3
77632,SE3
77633,SE3
77634,SE3
77635,SE3
77636,SE3
77670,SE3
77671,SE3
77672,SE3
77673,SE3
77674,SE3
77690,SE3
77691,SE3
77692,SE3
77693,SE3
77695,SE3
77696,SE3
77697,SE3
77698,SE3
77701,SE3
77720,SE3
77721,SE3
77722,SE3
77723,SE3
77725,SE3
77730,SE3
77731,SE3
77732,SE3
77733,SE3
77734,SE3
77750,SE3
77751,SE3
77760,SE3
77780,SE3
77781,SE3
77782,SE3
77790,SE3
77791,SE3
77793,SE3
77794,SE3
78061,SE3
78064,SE3
78066,SE3
78067,SE3
78068,SE3
78069,SE3
78100,SE3
78102,SE3
78105,SE3
78106,SE3
78110,SE3
78120,SE3
78121,SE3
78122,SE3
78123,SE3
78124,SE3
78127,SE3
78128,SE3
78129,SE3
78160,SE3
78161,SE3
78162,SE3
78168,SE3
78169,SE3
78170,SE3
78171,SE3
78172,SE3
78173,SE3
78174,SE3
78181,SE3
78182,SE3
78183,SE3
78184,SE3
78185,SE3
78187,SE3
78188,SE3
78189,SE3
78190,SE3
78191,SE3
78192,SE3
78193,SE3
78194,SE3
78195,SE3
78196,SE3
78197,SE3
78198,SE3
78199,SE3
78201,SE3
78220,SE3
78221,SE3
78222,SE3
78223,SE3
78224,SE3
78230,SE3
78231,SE3
78233,SE3
78234,SE3
78235,SE3
78275,SE3
78290,SE3
78291,SE3
78301,SE3
78320,SE3
78321,SE3
78322,SE3
78323,SE3
78327,SE3
78330,SE3
78331,SE3
78332,SE3
78334,SE3
78335,SE3
78390,SE3
78391,SE3
78392,SE3
78393,SE3
78401,SE3
78430,SE3
78431,SE3
78432,SE3
78433,SE3
78434,SE3
78435,SE3
78436,SE3
78437,SE3
78439,SE3
78440,SE3
78441,SE3
78442,SE3
78443,SE3
78444,SE3
78445,SE3
78450,SE3
78451,SE3
78452,SE3
78453,SE3
78454,SE3
78455,SE3
78456,SE3
78460,SE3
78461,SE3
78462,SE3
78463,SE3
78465,SE3
78466,SE3
78467,SE3
78468,SE3
78472,SE3
78473,SE3
78474,SE3
78475,SE3
78476,SE3
78477,SE3
78478,SE3
78500,SE3
78504,SE3
78520,SE3
78521,SE3
78530,SE3
78542,SE3
78543,SE3
78560,SE3
78561,SE3
78562,SE3
78563,SE3
78580,SE3
78591,SE3
78592,SE3
78600,SE3
78602,SE3
78620,SE3
78621,SE3
78631,SE3
78632,SE3
78633,SE3
78671,SE3
78672,SE3
78691,SE3
78692,SE3
78693,SE3
78694,SE3
78695,SE3
78697,SE3
79015,SE3
79020,SE3
79021,SE3
79022,SE3
79023,SE3
79024,SE3
79025,SE3
79026,SE3
79070,SE3
79090,SE3
79091,SE3
79101,SE3
79105,SE3
79106,SE3
79107,SE3
79110,SE3
79111,SE3
79112,SE3
79113,SE3
79114,SE3
79116,SE3
79117,SE3
79119,SE3
79120,SE3
79121,SE3
79122,SE3
79123,SE3
79124,SE3
79125,SE3
79126,SE3
79127,SE3
79128,SE3
79129,SE3
79130,SE3
79131,SE3
79132,SE3
79133,SE3
79134,SE3
79135,SE3
79136,SE3
79137,SE3
79138,SE3
79140,SE3
79141,SE3
79142,SE3
79143,SE3
79144,SE3
79145,SE3
79146,SE3
79147,SE3
79150,SE3
79151,SE3
79152,SE3
79153,SE3
79155,SE3
79156,SE3
79160,SE3
79161,SE3
79162,SE3
79170,SE3
79171,SE3
79172,SE3
79173,SE3
79174,SE3
79175,SE3
79176,SE3
79177,SE3
79179,SE3
79180,SE3
79182,SE3
79183,SE3
79184,SE3
79185,SE3
79186,SE3
79187,SE3
79188,SE3
79189,SE3
79191,SE3
79192,SE3
79193,SE3
79194,SE3
79195,SE3
79196,SE3
79201,SE3
79202,SE3
79203,SE3
79205,SE3
79220,SE3
79221,SE3
79222,SE3
79223,SE3
79224,SE3
79225,SE3
79227,SE3
79230,SE3
79231,SE3
79232,SE3
79233,SE3
79234,SE3
79235,SE3
79236,SE3
79237,SE3
79250,SE3
79251,SE3
79252,SE3
79275,SE3
79277,SE3
79280,SE3
79285,SE3
79290,SE3
79291,SE3
79292,SE3
79293,SE3
79294,SE3
79295,SE3
79296,SE3
79297,SE3
79298,SE3
79301,SE3
79311,SE3
79312,SE3
79313,SE3
79320,SE3
79321,SE3
79322,SE3
79323,SE3
79324,SE3
79325,SE3
79326,SE3
79327,SE3
79330,SE3
79331,SE3
79332,SE3
79333,SE3
79335,SE3
79336,SE3
79340,SE3
79341,SE3
79350,SE3
79360,SE3
79370,SE3
79380,SE3
79385,SE3
79386,SE3
79390,SE3
79391,SE3
79392,SE3
79393,SE3
79394,SE3
79397,SE3
79420,SE3
79421,SE3
79422,SE3
79430,SE3
79431,SE3
79432,SE3
79433,SE3
79434,SE3
79490,SE3
79491,SE3
79492,SE3
79493,SE3
79495,SE3
79498,SE3
79501,SE3
79503,SE3
79520,SE3
79521,SE3
79522,SE3
79523,SE3
79530,SE3
79531,SE3
79532,SE3
79533,SE3
79535,SE3
79536,SE3
79570,SE3
79580,SE3
79590,SE3
79591,SE3
79592,SE3
79595,SE3
79596,SE3
79601,SE3
79620,SE3
79621,SE3
79622,SE3
79626,SE3
79630,SE3
79631,SE3
79690,SE3
79691,SE3
79699,SE3
80002,SE2
80004,SE2
80006,SE2
80008,SE2
80010,SE2
80011,SE2
80015,SE2
80100,SE2
80102,SE2
80103,SE2
80104,SE2
80105,SE2
80106,SE2
80107,SE2
80108,SE2
80126,SE2
80127,SE2
80128,SE2
80129,SE2
80130,SE2
80131,SE2
80132,SE2
80133,SE2
80134,SE2
80135,SE2
80136,SE2
80137,SE2
80138,SE2
80139,SE2
80170,SE2
80171,SE2
80172,SE2
80173,SE2
80174,SE2
80176,SE2
80181,SE2
80182,SE2
80183,SE2
80184,SE2
80185,SE2
80186,SE2
80187,SE2
80188,SE2
80200,SE2
80208,SE2
80210,SE2
80250,SE2
80251,SE2
80252,SE2
80253,SE2
80254,SE2
80255,SE2
80256,SE2
80257,SE2
80258,SE2
80260,SE2
80261,SE2
80262,SE2
80263,SE2
80264,SE2
80265,SE2
80266,SE2
80267,SE2
80269,SE2
80270,SE2
80271,SE2
80272,SE2
80274,SE2
80275,SE2
80276,SE2
80277,SE2
80280,SE2
80281,SE2
80282,SE2
80283,SE2
80284,SE2
80285,SE2
80286,SE2
80287,SE2
80288,SE2
80291,SE2
80292,SE2
80293,SE2
80301,SE2
80302,SE2
80309,SE2
80310,SE2
80311,SE2
80320,SE2
80321,SE2
80322,SE2
80323,SE2
80324,SE2
80325,SE2
80400,SE2
80423,SE2
80424,SE2
80425,SE2
80426,SE2
80427,SE2
80428,SE2
80429,SE2
80430,SE2
80431,SE2
80432,SE2
80433,SE2
80434,SE2
80501,SE2
80591,SE2
80592,SE2
80595,SE2
80596,SE2
80597,SE2
80598,SE2
80626,SE2
80627,SE2
80628,SE2
80630,SE2
80631,SE2
80632,SE2
80633,SE2
80634,SE2
80635,SE2
80636,SE2
80637,SE2
80638,SE2
80641,SE2
80642,SE2
80643,SE2
80645,SE2
80646,SE2
80647,SE2
80648,SE2
80649,SE2
80800,SE2
80886,SE2
81100,SE2
81102,SE2
81103,SE2
81104,SE2
81120,SE2
81121,SE2
81122,SE2
81123,SE2
81125,SE2
81126,SE2
81130,SE2
81131,SE2
81132,SE2
81133,SE2
81134,SE2
81135,SE2
81136,SE2
81137,SE2
81138,SE2
81139,SE2
81140,SE2
81141,SE2
81150,SE2
81151,SE2
81152,SE2
81153,SE2
81154,SE2
81160,SE2
81161,SE2
81162,SE2
81170,SE2
81171,SE2
81173,SE2
81174,SE2
81180,SE2
81181,SE2
81185,SE2
81188,SE2
81189,SE2
81191,SE2
81192,SE2
81193,SE2
81194,SE2
81195,SE2
81196,SE2
81197,SE2
81198,SE2
81199,SE2
81220,SE2
81221,SE2
81222,SE2
81225,SE2
81230,SE2
81231,SE2
81240,SE2
81241,SE2
81251,SE2
81290,SE2
81292,SE2
81293,SE2
81294,SE2
81302,SE2
81320,SE2
81321,SE2
81322,SE2
81323,SE2
81330,SE2
81331,SE2
81332,SE2
81333,SE2
81334,SE2
81335,SE2
81336,SE2
81340,SE2
81381,SE2
81382,SE2
81391,SE2
81394,SE2
81395,SE2
81396,SE2
81401,Unknown
81420,Unknown
81421,Unknown
81422,Unknown
81423,Unknown
81425,SE3
81430,Unknown
81431,Unknown
81432,Unknown
81440,Unknown
81441,Unknown
81442,Unknown
81470,SE3
81481,Unknown
81491,Unknown
81492,Unknown
81493,Unknown
81494,SE3
81495,SE3
81500,SE3
81503,SE3
81504,SE3
81520,SE3
81521,SE3
81522,SE3
81523,SE3
81535,SE3
81536,SE3
81537,SE3
81538,SE3
81540,SE3
81541,SE3
81544,SE3
81545,SE3
81569,SE3
81575,SE3
81576,SE3
81580,SE3
81582,SE3
81583,SE3
81591,SE3
81592,SE3
81593,SE3
81594,SE3
81595,SE3
81596,SE3
81601,SE2
81620,SE2
81621,SE2
81622,SE2
81623,SE2
81630,SE2
81631,SE2
81680,SE2
81690,SE2
81691,SE2
81692,SE2
81693,SE2
81694,SE2
81695,SE2
81702,SE2
81721,SE2
81730,SE2
81740,SE2
81791,SE2
81792,SE2
81793,SE2
81794,SE2
81801,SE2
81802,SE2
81803,SE2
81804,SE2
81820,SE2
81821,SE2
81830,SE2
81831,SE2
81832,SE2
81833,SE2
81834,SE2
81835,SE2
81841,SE2
81842,SE2
81843,SE2
81845,SE2
81891,SE2
81892,SE2
81895,SE2
81896,SE2
81900,SE3
81911,SE3
81930,SE3
81940,SE3
81961,SE3
81962,SE3
81963,SE1
81964,SE1
81965,SE1
81966,SE3
82100,SE2
82110,SE2
82111,SE2
82112,SE2
82113,SE2
82120,SE2
82121,SE2
82122,SE2
82123,SE2
82124,SE2
82125,SE2
82126,SE2
82127,SE2
82130,SE2
82131,SE2
82132,SE2
82133,SE2
82134,SE2
82135,SE2
82136,SE2
82140,SE2
82141,SE2
82142,SE2
82143,SE2
82150,SE2
82151,SE2
82158,SE2
82160,SE2
82161,SE2
82162,SE2
82163,SE2
82167,SE2
82168,SE2
82180,SE2
82181,SE2
82189,SE2
82191,SE2
82192,SE2
82193,SE2
82194,SE2
82195,SE2
82198,SE2
82220,SE2
82221,SE2
82222,SE2
82230,SE2
82231,SE2
82240,SE2
82281,SE2
82291,SE2
82292,SE2
82299,SE2
82320,SE2
82321,SE2
82322,SE2
82330,SE2
82380,SE2
82391,SE2
82392,SE2
82393,SE2
82400,SE2
82402,SE2
82408,SE2
82409,SE2
82411,SE2
82412,SE2
82413,SE2
82414,SE2
82415,SE2
82420,SE2
82421,SE2
82422,SE2
82423,SE2
82424,SE2
82425,SE2
82426,SE2
82427,SE2
82428,SE2
82430,SE2
82431,SE2
82432,SE2
82433,SE2
82434,SE2
82435,SE2
82439,SE2
82440,SE2
82441,SE2
82442,SE2
82443,SE2
82444,SE2
82445,SE2
82450,SE2
82451,SE2
82452,SE2
82453,SE2
82454,SE2
82455,SE2
82456,SE2
82460,SE2
82461,SE2
82462,SE2
82465,SE2
82466,SE2
82467,SE2
82470,SE2
82471,SE2
82472,SE2
82473,SE2
82474,SE2
82477,SE2
82478,SE2
82479,SE2
82480,SE2
82481,SE2
82482,SE2
82483,SE2
82491,SE2
82492,SE2
82493,SE2
82494,SE2
82495,SE2
82496,SE2
82501,SE2
82520,SE2
82521,SE2
82530,SE2
82531,SE2
82532,SE2
82580,SE2
82591,SE2
82592,SE2
82593,SE2
82595,SE2
82596,SE2
82601,SE2
82608,SE2
82611,SE2
82612,SE2
82613,SE2
82620,SE2
82621,SE2
82622,SE2
82623,SE2
82624,SE2
82625,SE2
82626,SE2
82627,SE2
82630,SE2
82631,SE2
82632,SE2
82634,SE2
82635,SE2
82636,SE2
82637,SE2
82639,SE2
82640,SE2
82650,SE2
82660,SE2
82661,SE2
82662,SE2
82666,SE2
82667,SE2
82668,SE2
82669,SE2
82670,SE2
82672,SE2
82673,SE2
82675,SE2
82676,SE2
82677,SE2
82679,SE2
82680,SE2
82681,SE2
82682,SE2
82683,SE2
82684,SE2
82685,SE2
82686,SE2
82691,SE2
82692,SE2
82693,SE2
82694,SE2
82695,SE2
82701,SE2
82720,SE2
82721,SE2
82722,SE2
82723,SE2
82724,SE2
82725,SE2
82727,SE2
82728,SE2
82730,SE2
82731,SE2
82732,SE2
82733,SE2
82734,SE2
82735,SE2
82740,SE2
82750,SE2
82751,SE2
82752,SE2
82753,SE2
82754,SE2
82760,SE2
82761,SE2
82762,SE2
82763,SE2
82770,SE2
82771,SE2
82772,SE2
82773,SE2
82775,SE2
82776,SE2
82780,SE2
82781,SE2
82782,SE2
82791,SE2
82792,SE2
82793,SE2
82794,SE2
82795,SE2
82801,SE2
82820,SE2
82821,SE2
82822,SE2
82823,SE2
82825,SE2
82830,SE2
82831,SE2
82832,SE2
82833,SE2
82834,SE2
82880,SE2
82881,SE2
82891,SE2
82892,SE2
82893,SE2
82894,SE2
82895,SE2
82899,SE2
82920,SE2
82921,SE2
82922,SE2
82923,SE2
82924,SE2
82950,SE2
82951,SE2
82952,SE2
82953,SE2
82960,SE2
82961,SE2
82962,SE2
82991,SE2
82995,SE2
82996,SE2
82998,SE2
83100,SE2
83102,SE2
83103,SE2
83104,SE2
83105,SE2
83108,SE2
83109,SE2
83111,SE2
83117,SE2
83118,SE2
83120,SE2
83121,SE2
83122,SE2
83123,SE2
83124,SE2
83125,SE2
83126,SE2
83127,SE2
83128,SE2
83129,SE2
83130,SE2
83131,SE2
83132,SE2
83133,SE2
83134,SE2
83135,SE2
83136,SE2
83137,SE2
83138,SE2
83139,SE2
83140,SE2
83141,SE2
83142,SE2
83143,SE2
83144,SE2
83145,SE2
83146,SE2
83147,SE2
83148,SE2
83149,SE2
83150,SE2
83151,SE2
83152,SE2
83153,SE2
83155,SE2
83156,SE2
83157,SE2
83158,SE2
83159,SE2
83160,SE2
83161,SE2
83162,SE2
83163,SE2
83164,SE2
83165,SE2
83166,SE2
83170,SE2
83171,SE2
83172,SE2
83173,SE2
83174,SE2
83175,SE2
83176,SE2
83177,SE2
83178,SE2
83180,SE2
83181,SE2
83182,SE2
83183,SE2
83184,SE2
83186,SE2
83187,SE2
83188,SE2
83189,SE2
83190,SE2
83191,SE2
83192,SE2
83196,SE2
83197,SE2
83199,SE2
83201,SE2
83221,SE2
83223,SE2
83241,SE2
83242,SE2
83243,SE2
83244,SE2
83245,SE2
83246,SE2
83247,SE2
83251,SE2
83253,SE2
83254,SE2
83255,SE2
83256,SE2
83280,SE2
83281,SE2
83282,SE2
83293,SE2
83294,SE2
83296,SE2
83301,SE2
83302,SE2
83303,SE2
83304,SE2
83318,SE2
83319,SE2
83320,SE2
83321,SE2
83322,SE2
83323,SE2
83324,SE2
83326,SE2
83327,SE2
83331,SE2
83332,SE2
83333,SE2
83334,SE2
83335,SE2
83336,SE2
83341,SE2
83348,SE2
83349,SE2
83351,SE2
83359,SE2
83361,SE2
83380,SE2
83381,SE2
83382,SE2
83383,SE2
83384,SE2
83385,SE2
83386,SE2
83387,SE2
83391,SE2
83392,SE2
83393,SE2
83394,SE2
83395,SE2
83396,SE2
83397,SE2
83398,SE2
83399,SE2
83401,SE2
83421,SE2
83431,SE2
83432,SE2
83433,SE2
83434,SE2
83496,SE2
83497,SE2
83498,SE2
83499,SE2
83501,SE2
83505,SE2
83520,SE2
83521,SE2
83522,SE2
83523,SE2
83531,SE2
83532,SE2
83533,SE2
83539,SE2
83540,SE2
83541,SE2
83542,SE2
83561,SE2
83562,SE2
83563,SE2
83564,SE2
83567,SE2
83568,SE2
83580,SE2
83591,SE2
83592,SE2
83593,SE2
83594,SE2
83595,SE2
83596,SE2
83597,SE2
83598,SE2
83599,SE2
83631,SE2
83691,SE2
83692,SE2
83693,SE2
83694,SE2
83695,SE2
83701,SE2
83720,SE2
83721,SE2
83722,SE2
83723,SE2
83724,SE2
83725,SE2
83731,SE2
83732,SE2
83741,SE2
83751,SE2
83752,SE2
83771,SE2
83772,SE2
83775,SE2
83791,SE2
83792,SE2
83793,SE2
83794,SE2
83795,SE2
83796,SE2
83797,SE2
83798,SE2
83799,SE2
83801,SE2
83820,SE2
83821,SE2
83826,SE2
83827,SE2
83871,SE2
83872,SE2
83873,SE2
83874,SE2
83875,SE2
83876,SE2
83877,SE2
83878,SE2
83879,SE2
83880,SE2
83881,SE2
83882,SE2
83883,SE2
83905,SE2
83928,SE2
83929,SE2
83930,SE2
83942,SE2
83977,SE2
83980,SE2
83981,SE2
83983,SE2
83984,SE2
83985,SE2
83986,SE2
83987,SE2
83988,SE2
83989,SE2
84100,SE2
84102,SE2
84120,SE2
84121,SE2
84122,SE2
84131,SE2
84132,SE2
84133,SE2
84134,SE2
84144,SE2
84171,SE2
84172,SE2
84173,SE2
84174,SE2
84175,SE2
84176,SE2
84177,SE2
84181,SE2
84191,SE2
84192,SE2
84193,SE2
84194,SE2
84195,SE2
84196,SE2
84197,SE2
84198,SE2
84199,SE2
84201,SE2
84220,SE2
84221,SE2
84222,SE2
84231,SE2
84232,SE2
84233,SE2
84234,SE2
84235,SE2
84271,SE2
84280,SE2
84290,SE2
84291,SE2
84292,SE2
84293,SE2
84294,SE2
84295,SE2
84296,SE2
84297,SE2
84299,SE2
84301,SE2
84320,SE2
84321,SE2
84331,SE2
84332,SE2
84341,SE2
84391,SE2
84392,SE2
84393,SE2
84394,SE2
84395,SE2
84396,SE2
84397,SE2
84398,SE2
84401,SE2
84420,SE2
84421,SE2
84422,SE2
84423,SE2
84431,SE2
84432,SE2
84441,SE2
84451,SE2
84461,SE2
84491,SE2
84492,SE2
84493,SE2
84494,SE2
84495,SE2
84496,SE2
84497,SE2
84498,SE2
84501,SE2
84520,SE2
84521,SE2
84531,SE2
84551,SE2
84552,SE2
84561,SE2
84562,SE2
84571,SE2
84572,SE2
84573,SE2
84591,SE2
84593,SE2
84594,SE2
84595,SE2
84597,SE2
84598,SE2
84599,SE2
84601,SE2
84602,SE2
84603,SE2
84620,SE2
84621,SE2
84631,SE2
84671,SE2
84672,SE2
84673,SE2
84674,SE2
84691,SE2
84692,SE2
84693,SE2
84694,SE2
84695,SE2
84696,SE2
84697,SE2
84698,SE2
85003,SE2
85006,SE2
85007,SE2
85009,SE2
85010,SE2
85012,SE2
85013,SE2
85015,SE2
85100,SE2
85102,SE2
85103,SE2
85104,SE2
85105,SE2
85106,SE2
85107,SE2
85108,SE2
85111,SE2
85121,SE2
85122,SE2
85123,SE2
85124,SE2
85125,SE2
85170,SE2
85171,SE2
85172,SE2
85173,SE2
85174,SE2
85175,SE2
85176,SE2
85178,SE2
85179,SE2
85180,SE2
85181,SE2
85182,SE2
85183,SE2
85184,SE2
85185,SE2
85186,SE2
85187,SE2
85188,SE2
85189,SE2
85190,SE2
85192,SE2
85193,SE2
85194,SE2
85196,SE2
85198,SE2
85199,SE2
85229,SE2
85231,SE2
85232,SE2
85233,SE2
85234,SE2
85236,SE2
85237,SE2
85238,SE2
85240,SE2
85241,SE2
85242,SE2
85243,SE2
85244,SE2
85301,SE2
85350,SE2
85351,SE2
85352,SE2
85353,SE2
85356,SE2
85357,SE2
85358,SE2
85359,SE2
85401,SE2
85402,SE2
85460,SE2
85461,SE2
85462,SE2
85463,SE2
85466,SE2
85467,SE2
85468,SE2
85561,SE2
85591,SE2
85592,SE2
85597,SE2
85598,SE2
85599,SE2
85601,SE2
85630,SE2
85631,SE2
85632,SE2
85633,SE2
85634,SE2
85635,SE2
85640,SE2
85641,SE2
85642,SE2
85643,SE2
85644,SE2
85645,SE2
85650,SE2
85651,SE2
85652,SE2
85653,SE2
85700,SE2
85701,SE2
85730,SE2
85731,SE2
85732,SE2
85733,SE2
85734,SE2
85735,SE2
85740,SE2
85741,SE2
85742,SE2
85750,SE2
85751,SE2
85752,SE2
85800,SE2
85900,SE2
85950,SE2
85951,SE2
85952,SE2
85953,SE2
85954,SE2
85955,SE2
85956,SE2
85957,SE2
85958,SE2
85959,SE2
86101,SE2
86120,SE2
86121,SE2
86122,SE2
86123,SE2
86124,SE2
86126,SE2
86127,Unknown
86128,SE2
86131,SE2
86132,SE2
86133,SE2
86134,SE2
86135,SE2
86136,SE2
86138,SE2
86139,SE2
86141,Unknown
86142,Unknown
86143,Unknown
86145,Unknown
86151,SE2
86152,SE2
86181,SE2
86182,SE2
86183,SE2
86184,SE2
86191,SE2
86192,SE2
86193,SE2
86194,SE2
86195,SE2
86202,SE2
86221,SE2
86222,SE2
86223,SE2
86224,SE2
86231,SE2
86232,SE2
86233,SE2
86234,SE2
86240,SE2
86241,SE2
86291,SE2
86292,SE2
86294,SE2
86295,SE2
86296,SE2
86301,SE2
86321,Unknown
86322,Unknown
86323,Unknown
86331,Unknown
86332,Unknown
86333,Unknown
86334,Unknown
86335,Unknown
86336,Unknown
86337,SE2
86341,SE2
86342,SE2
86401,SE2
86420,SE2
86421,SE2
86422,SE2
86423,SE2
86431,SE2
86432,SE2
86433,SE2
86441,SE2
86491,SE2
86492,SE2
86495,SE2
86496,SE2
86501,Unknown
86521,Unknown
86531,Unknown
86532,Unknown
86533,Unknown
86551,Unknown
86591,Unknown
86592,Unknown
87101,SE2
87103,SE2
87104,SE2
87120,SE2
87121,SE2
87122,SE2
87123,SE2
87124,SE2
87125,SE2
87126,SE2
87127,SE2
87129,SE2
87130,SE2
87131,SE2
87132,SE2
87133,SE2
87134,SE2
87140,SE2
87141,SE2
87142,SE2
87145,SE2
87150,SE2
87151,SE2
87152,SE2
87153,SE2
87154,SE2
87160,SE2
87161,SE2
87162,SE2
87165,SE2
87166,SE2
87171,SE2
87180,SE2
87181,SE2
87182,SE2
87185,SE2
87186,SE2
87187,SE2
87188,SE2
87191,SE2
87192,SE2
87193,SE2
87194,SE2
87195,SE2
87196,SE2
87197,SE2
87198,SE2
87199,SE2
87200,SE2
87220,SE2
87221,SE2
87222,SE2
87223,SE2
87224,SE2
87225,SE2
87230,SE2
87231,SE2
87232,SE2
87233,SE2
87234,SE2
87235,SE2
87236,SE2
87243,SE2
87263,SE2
87264,SE2
87275,SE2
87280,SE2
87291,SE2
87292,SE2
87293,SE2
87294,Unknown
87295,SE2
87296,SE2
87297,Unknown
87298,SE2
87302,SE2
87303,SE2
87321,SE2
87322,SE2
87330,SE2
87340,SE2
87350,SE2
87371,SE2
87372,SE2
87380,SE2
87381,SE2
87391,SE2
87392,SE2
87393,SE2
87394,SE2
87395,SE2
87396,SE2
87397,SE2
87398,SE2
87399,SE2
88101,SE2
88104,SE2
88106,SE2
88120,SE2
88121,SE2
88122,SE2
88123,SE2
88124,SE2
88125,SE2
88126,SE2
88127,SE2
88130,SE2
88131,SE2
88132,SE2
88133,SE2
88134,SE2
88135,SE2
88140,SE2
88141,SE2
88150,SE2
88151,SE2
88152,SE2
88160,SE2
88170,SE2
88180,SE2
88181,SE2
88185,SE2
88186,SE2
88191,SE2
88192,SE2
88193,SE2
88194,SE2
88195,SE2
88196,SE2
88197,SE2
88198,SE2
88199,SE2
88230,SE2
88240,SE2
88250,SE2
88291,SE2
88293,SE2
88295,SE2
88302,SE2
88303,SE2
88304,SE2
88305,SE2
88370,SE2
88371,SE2
88372,SE2
88391,SE2
88392,SE2
88393,SE2
88394,SE2
88395,SE2
88396,SE2
88397,SE2
89050,SE2
89051,SE2
89054,SE2
89101,SE2
89104,SE2
89115,SE2
89117,SE2
89118,SE2
89120,SE2
89121,SE2
89122,SE2
89123,SE2
89124,SE2
89125,SE2
89126,SE2
89127,SE2
89128,SE2
89129,SE2
89130,SE2
89131,SE2
89132,SE2
89133,SE2
89134,SE2
89135,SE2
89136,SE2
89137,SE2
89138,SE2
89139,SE2
89140,SE2
89141,SE2
89142,SE2
89143,SE2
89144,SE2
89145,SE2
89150,SE2
89151,SE2
89155,SE2
89160,SE2
89161,SE2
89162,SE2
89163,SE2
89164,SE2
89165,SE2
89177,SE2
89178,SE2
89180,SE2
89182,SE2
89185,SE2
89186,SE2
89188,SE2
89189,SE2
89190,SE2
89192,SE2
89195,SE2
89196,SE2
89200,SE2
89220,SE2
89221,SE2
89222,SE2
89223,SE2
89230,SE2
89231,SE2
89232,SE2
89233,SE2
89234,SE2
89240,SE2
89241,SE2
89242,SE2
89243,SE2
89250,SE2
89251,SE2
89292,SE2
89301,SE2
89321,SE2
89322,SE2
89323,SE2
89330,SE2
89331,SE2
89340,SE2
89391,SE2
89392,SE2
89395,SE2
89396,SE2
89399,Unknown
89421,SE2
89422,SE2
89423,SE2
89430,SE2
89431,SE2
89435,SE2
89440,SE2
89441,SE2
89491,SE2
89493,SE2
89495,SE2
89501,SE2
89520,SE2
89521,SE2
89530,SE2
89540,SE2
89580,SE2
89591,SE2
89592,SE2
89593,SE2
89595,SE2
89597,SE2
89598,SE2
89599,SE2
89621,SE2
89631,SE2
89632,SE2
89680,SE2
89691,SE2
89693,SE2
90001,SE1
90100,SE1
90102,SE1
90103,SE1
90104,SE1
90105,SE1
90106,SE1
90107,SE1
90108,SE1
90109,SE1
90110,SE1
90119,SE1
90120,SE1
90121,SE1
90122,SE1
90123,SE1
90124,SE1
90130,SE1
90131,SE1
90132,SE1
90133,SE1
90137,SE1
90170,SE1
90171,SE1
90172,SE1
90173,SE1
90174,SE1
90175,SE1
90176,SE1
90177,SE1
90178,SE1
90179,SE1
90180,SE1
90181,SE1
90182,SE1
90183,SE1
90184,SE1
90185,SE1
90186,SE1
90187,SE1
90188,SE1
90189,SE1
90300,SE1
90302,SE1
90303,SE1
90304,SE1
90310,SE1
90311,SE1
90313,SE1
90314,SE1
90320,SE1
90321,SE1
90322,SE1
90323,SE1
90325,SE1
90326,SE1
90327,SE1
90328,SE1
90329,SE1
90330,SE1
90331,SE1
90332,SE1
90333,SE1
90334,SE1
90335,SE1
90336,SE1
90337,SE1
90338,SE1
90339,SE1
90340,SE1
90342,SE1
90343,SE1
90344,SE1
90345,SE1
90346,SE1
90347,SE1
90351,SE1
90352,SE1
90353,SE1
90354,SE1
90355,SE1
90360,SE1
90361,SE1
90362,SE1
90363,SE1
90364,SE1
90365,SE1
90400,SE1
90402,SE1
90403,SE1
90404,SE1
90405,SE1
90406,SE1
90420,SE1
90421,SE1
90422,SE1
90426,SE1
90431,SE1
90432,SE1
90433,SE1
90434,SE1
90435,SE1
90436,SE1
90440,SE1
90441,SE1
90500,SE1
90521,SE1
90531,SE1
90532,SE1
90571,SE1
90572,SE1
90580,SE1
90581,SE1
90582,SE1
90583,SE1
90586,SE1
90587,SE1
90588,SE1
90591,SE1
90592,SE1
90593,SE1
90594,SE1
90595,SE1
90596,SE1
90600,SE1
90603,SE1
90620,SE1
90621,SE1
90622,SE1
90624,SE1
90625,SE1
90626,SE1
90627,SE1
90628,SE1
90629,SE1
90630,SE1
90637,SE1
90638,SE1
90640,SE1
90641,SE1
90642,SE1
90643,SE1
90650,SE1
90651,SE1
90652,SE1
90653,SE1
90654,SE1
90655,SE1
90656,SE1
90660,SE1
90700,SE1
90702,SE1
90703,SE1
90704,SE1
90712,SE1
90713,SE1
90719,SE1
90727,SE1
90728,SE1
90729,SE1
90730,SE1
90731,SE1
90732,SE1
90733,SE1
90734,SE1
90735,SE1
90736,SE1
90737,SE1
90738,SE1
90739,SE1
90740,SE1
90741,SE1
90742,SE1
90743,SE1
90746,SE1
90749,SE1
90750,SE1
90751,SE1
90752,SE1
90753,SE1
90754,SE1
90755,SE1
90788,SE1
90801,SE1
90804,SE1
90806,SE1
90807,SE1
90810,SE1
90811,SE1
90812,SE1
90814,SE1
90815,SE1
90850,SE1
91088,SE1
91101,SE1
91120,SE1
91121,SE1
91130,SE1
91131,SE1
91132,SE1
91133,SE1
91134,SE1
91135,SE1
91136,SE1
91181,SE1
91182,SE1
91191,SE1
91192,SE1
91193,SE1
91194,SE1
91201,SE1
91220,SE1
91221,SE1
91222,SE1
91223,SE1
91224,SE1
91231,SE1
91232,SE1
91233,SE1
91234,SE1
91281,SE1
91290,SE1
91291,SE1
91292,SE1
91293,SE1
91294,SE1
91295,SE1
91297,SE1
91298,SE1
91299,SE1
91301,Unknown
91320,Unknown
91331,Unknown
91332,Unknown
91333,Unknown
91334,Unknown
91335,Unknown
91341,Unknown
91342,Unknown
91380,Unknown
91401,SE1
91420,SE1
91421,SE1
91422,SE1
91429,SE1
91431,SE1
91432,SE1
91433,SE1
91441,SE1
91481,SE1
91490,SE1
91491,SE1
91492,SE1
91493,SE1
91494,SE1
91495,SE1
91496,SE1
91497,SE1
91501,SE1
91520,SE1
91521,SE1
91523,SE1
91531,SE1
91532,SE1
91534,SE1
91581,SE1
91591,SE1
91592,SE1
91593,SE1
91594,SE1
91595,SE1
91596,SE1
91597,SE1
91598,SE1
91601,SE1
91620,SE1
91621,SE1
91631,SE1
91681,SE1
91691,SE1
91692,SE1
91693,SE1
91695,SE1
91701,SE1
91702,SE1
91703,SE1
91704,SE1
91720,SE1
91721,SE1
91722,SE1
91731,SE1
91732,SE1
91781,SE1
91782,SE1
91787,SE1
91791,SE1
91793,SE1
91794,SE1
91795,SE1
91799,SE1
91801,SE1
91803,Unknown
91820,SE1
91821,SE1
91831,SE1
91832,SE1
91891,SE1
91892,SE1
91901,SE1
91920,SE1
91921,SE1
91931,SE1
91932,SE1
91985,SE1
91991,SE1
91992,SE1
91993,SE1
91994,SE1
91995,SE1
92034,SE1
92038,SE1
92039,SE1
92040,SE1
92041,SE1
92042,SE1
92051,SE1
92064,SE1
92066,SE1
92101,SE1
92120,SE1
92121,SE1
92122,SE1
92123,SE1
92124,SE1
92128,SE1
92129,SE1
92131,SE1
92132,SE1
92133,SE1
92134,SE1
92135,SE1
92136,SE1
92137,SE1
92141,SE1
92142,SE1
92145,SE1
92146,SE1
92181,SE1
92182,SE1
92191,SE1
92192,SE1
92193,SE1
92194,SE1
92195,SE1
92199,SE1
92201,SE1
92220,SE1
92221,SE1
92231,SE1
92232,SE1
92263,SE1
92265,SE1
92266,SE1
92267,SE1
92273,SE1
92275,SE1
92276,SE1
92281,SE1
92282,SE1
92290,SE1
92291,SE1
92292,SE1
92293,SE1
92294,SE1
92295,SE1
92301,SE1
92320,SE1
92321,SE1
92322,SE1
92323,SE1
92324,SE1
92331,SE1
92332,SE1
92341,SE1
92381,SE1
92394,SE1
92395,SE1
92396,SE1
92397,SE1
92398,SE1
92399,SE1
92401,SE1
92420,SE1
92421,SE1
92422,SE1
92431,SE1
92432,SE1
92481,SE1
92492,SE1
92493,SE1
92494,SE1
92495,SE1
93027,SE1
93061,SE1
93081,SE1
93082,SE1
93085,SE1
93086,SE1
93087,SE1
93088,SE1
93089,SE1
93091,SE1
93100,SE1
93102,SE1
93120,SE1
93121,SE1
93122,SE1
93123,SE1
93124,SE1
93127,SE1
93128,SE1
93130,SE1
93131,SE1
93132,SE1
93133,SE1
93134,SE1
93135,SE1
93136,SE1
93137,SE1
93138,SE1
93139,SE1
93140,SE1
93141,SE1
93142,SE1
93144,SE1
93145,SE1
93146,SE1
93148,SE1
93149,SE1
93150,SE1
93151,SE1
93152,SE1
93153,SE1
93154,SE1
93155,SE1
93156,SE1
93157,SE1
93158,SE1
93161,SE1
93162,SE1
93163,SE1
93164,SE1
93165,SE1
93170,SE1
93176,SE1
93177,SE1
93178,SE1
93180,SE1
93185,SE1
93186,SE1
93187,SE1
93191,SE1
93192,SE1
93193,SE1
93194,SE1
93195,SE1
93196,SE1
93197,SE1
93198,SE1
93199,SE1
93201,SE1
93220,SE1
93221,SE1
93223,SE1
93231,SE1
93232,SE1
93233,SE1
93234,SE1
93235,SE1
93236,SE1
93237,SE1
93251,SE1
93252,SE1
93261,SE1
93281,SE1
93282,SE1
93291,SE1
93293,SE1
93294,SE1
93300,SE1
93301,SE1
93320,SE1
93321,SE1
93322,SE1
93327,SE1
93331,SE1
93332,SE1
93333,SE1
93334,SE1
93381,SE1
93382,SE1
93383,SE1
93391,SE1
93399,SE1
93401,SE1
93420,SE1
93421,SE1
93424,SE1
93431,SE1
93432,SE1
93441,SE1
93451,SE1
93452,SE1
93461,SE1
93481,SE1
93482,SE1
93491,SE1
93492,SE1
93493,SE1
93494,SE1
93495,SE1
93496,SE1
93497,SE1
93498,SE1
93501,SE1
93520,SE1
93521,SE1
93531,SE1
93532,SE1
93581,SE1
93591,SE1
93592,SE1
93593,SE1
93601,SE1
93620,SE1
93621,SE1
93631,SE1
93632,SE1
93651,SE1
93681,SE1
93691,SE1
93692,SE1
93693,SE1
93694,SE1
93695,SE1
93701,SE1
93720,SE1
93721,SE1
93731,SE1
93732,SE1
93733,SE1
93780,SE1
93791,SE1
93792,SE1
93793,SE1
93794,SE1
93795,SE1
93796,SE1
93801,SE1
93819,SE1
93820,SE1
93821,SE1
93831,SE1
93832,SE1
93881,SE1
93892,SE1
93893,SE1
93894,SE1
93895,SE1
93896,SE1
93920,SE1
93921,SE1
93931,SE1
93932,SE1
93981,SE1
93991,SE1
93992,SE1
93993,SE1
93994,SE1
93995,SE1
94101,SE1
94117,SE1
94119,SE1
94120,SE1
94121,SE1
94122,SE1
94123,SE1
94124,SE1
94125,SE1
94126,SE1
94128,SE1
94131,SE1
94132,SE1
94133,SE1
94134,SE1
94135,SE1
94136,SE1
94137,SE1
94138,SE1
94139,SE1
94140,SE1
94141,SE1
94142,SE1
94143,SE1
94146,SE1
94147,SE1
94148,SE1
94150,SE1
94151,SE1
94152,SE1
94153,SE1
94161,SE1
94162,SE1
94163,SE1
94164,SE1
94165,SE1
94166,SE1
94180,SE1
94185,SE1
94186,SE1
94187,SE1
94191,SE1
94192,SE1
94199,SE1
94201,SE1
94203,SE1
94204,SE1
94205,SE1
94220,SE1
94221,SE1
94222,SE1
94231,SE1
94232,SE1
94233,SE1
94234,SE1
94235,SE1
94236,SE1
94281,SE1
94282,SE1
94285,SE1
94291,SE1
94292,SE1
94293,SE1
94294,SE1
94295,SE1
94301,SE1
94320,SE1
94321,SE1
94322,SE1
94323,SE1
94328,SE1
94331,SE1
94332,SE1
94333,SE1
94335,SE1
94336,SE1
94431,SE1
94432,SE1
94471,SE1
94472,SE1
94473,SE1
94491,SE1
94492,SE1
94493,SE1
94494,SE1
94521,SE1
94523,SE1
94531,SE1
94532,SE1
94533,SE1
94534,SE1
94591,SE1
94592,SE1
94593,SE1
94631,SE1
94640,SE1
94691,SE1
94692,SE1
94699,SE1
95042,SE1
95200,SE1
95204,SE1
95220,SE1
95221,SE1
95222,SE1
95223,SE1
95227,SE1
95231,SE1
95232,SE1
95233,SE1
95234,SE1
95235,SE1
95236,SE1
95241,SE1
95242,SE1
95243,SE1
95244,SE1
95250,SE1
95251,SE1
95261,SE1
95262,SE1
95263,SE1
95270,SE1
95271,SE1
95272,SE1
95281,SE1
95282,SE1
95283,SE1
95291,SE1
95292,SE1
95293,SE1
95294,SE1
95295,Unknown
95296,SE1
95297,SE1
95301,SE1
95320,SE1
95321,SE1
95322,SE1
95323,SE1
95324,SE1
95328,SE1
95331,SE1
95332,SE1
95333,SE1
95334,SE1
95335,SE1
95336,SE1
95337,SE1
95385,SE1
95391,SE1
95392,SE1
95393,SE1
95394,Unknown
95395,SE1
95421,SE1
95422,SE1
95423,SE1
95431,SE1
95432,SE1
95433,SE1
95434,SE1
95435,SE1
95441,SE1
95442,SE1
95521,SE1
95522,SE1
95531,SE1
95532,SE1
95591,SE1
95592,SE1
95595,SE1
95596,SE1
95599,SE1
95601,SE1
95620,SE1
95621,SE1
95622,SE1
95623,SE1
95631,SE1
95632,SE1
95681,SE1
95691,SE1
95692,SE1
95693,SE1
95698,SE1
95699,SE1
95701,Unknown
95720,Unknown
95721,Unknown
95722,Unknown
95723,SE1
95731,Unknown
95732,Unknown
95785,Unknown
95791,Unknown
95792,Unknown
95793,Unknown
95794,Unknown
95795,Unknown
95799,Unknown
96024,SE1
96030,SE1
96032,SE1
96033,SE1
96100,SE1
96117,SE1
96119,SE1
96120,SE1
96121,SE1
96122,SE1
96123,SE1
96128,SE1
96131,SE1
96132,SE1
96133,SE1
96134,SE1
96135,SE1
96136,SE1
96137,SE1
96138,SE1
96139,SE1
96140,SE1
96142,SE1
96143,SE1
96144,SE1
96145,SE1
96146,SE1
96147,SE1
96148,SE1
96149,SE1
96150,SE1
96151,SE1
96161,SE1
96162,SE1
96164,SE1
96167,SE1
96168,SE1
96173,SE1
96174,SE1
96175,SE1
96176,SE1
96177,SE1
96186,SE1
96191,SE1
96192,SE1
96193,SE1
96194,SE1
96195,SE1
96196,SE1
96197,SE1
96198,SE1
96201,SE1
96202,SE1
96203,SE1
96205,SE1
96220,SE1
96221,SE1
96222,SE1
96223,SE1
96224,SE1
96225,SE1
96226,SE1
96231,SE1
96232,SE1
96233,SE1
96280,SE1
96285,SE1
96298,SE1
96299,SE1
97100,SE1
97102,SE1
97103,SE1
97104,SE1
97105,SE1
97106,SE1
97107,SE1
97108,SE1
97109,SE1
97110,SE1
97125,SE1
97126,SE1
97127,SE1
97128,SE1
97129,SE1
97160,SE1
97170,SE1
97171,SE1
97172,SE1
97173,SE1
97174,SE1
97176,SE1
97177,SE1
97179,SE1
97180,SE1
97182,SE1
97183,SE1
97185,SE1
97186,SE1
97187,SE1
97188,SE1
97189,SE1
97190,SE1
97221,SE1
97222,SE1
97223,SE1
97231,SE1
97232,SE1
97233,SE1
97234,SE1
97235,SE1
97236,SE1
97238,SE1
97239,SE1
97241,SE1
97242,SE1
97245,SE1
97251,SE1
97252,SE1
97253,SE1
97254,SE1
97300,SE1
97318,SE1
97321,SE1
97322,SE1
97323,SE1
97324,SE1
97325,SE1
97328,SE1
97329,SE1
97331,SE1
97332,SE1
97333,SE1
97334,SE1
97335,SE1
97341,SE1
97342,SE1
97343,SE1
97344,SE1
97345,SE1
97346,SE1
97347,SE1
97421,SE1
97422,SE1
97432,SE1
97433,SE1
97434,SE1
97435,SE1
97436,SE1
97437,SE1
97438,SE1
97439,SE1
97441,SE1
97442,SE1
97443,SE1
97444,SE1
97451,SE1
97452,SE1
97453,SE1
97454,SE1
97455,SE1
97499,SE1
97561,SE1
97591,SE1
97592,SE1
97593,SE1
97594,SE1
97595,SE1
97596,SE1
97597,SE1
97598,SE1
97627,SE1
97631,SE1
97632,SE1
97633,SE1
97634,SE1
97636,SE1
97751,SE1
97752,SE1
97753,SE1
97754,SE1
97755,SE1
97756,SE1
97775,SE1
97800,SE1
97820,SE1
98010,SE1
98013,SE1
98014,SE1
98016,SE1
98020,SE1
98041,SE1
98042,SE1
98045,SE1
98060,SE1
98061,SE1
98062,SE1
98063,SE1
98065,SE1
98101,SE1
98102,SE1
98105,SE1
98107,SE1
98115,SE1
98120,SE1
98121,SE1
98122,SE1
98123,SE1
98124,SE1
98127,SE1
98128,SE1
98130,SE1
98131,SE1
98132,SE1
98133,SE1
98134,SE1
98135,SE1
98136,SE1
98137,SE1
98138,SE1
98139,SE1
98140,SE1
98141,SE1
98142,SE1
98143,SE1
98144,SE1
98145,SE1
98146,SE1
98147,SE1
98180,SE1
98181,SE1
98182,SE1
98183,SE1
98184,SE1
98185,SE1
98186,SE1
98187,SE1
98188,SE1
98189,SE1
98191,SE1
98192,SE1
98193,SE1
98194,Unknown
98195,SE1
98199,SE1
98201,SE1
98203,SE1
98204,SE1
98205,SE1
98206,SE1
98207,SE1
98220,SE1
98221,SE1
98222,SE1
98228,SE1
98231,SE1
98232,SE1
98234,SE1
98235,SE1
98236,SE1
98237,SE1
98238,SE1
98239,SE1
98241,SE1
98260,SE1
98281,SE1
98282,SE1
98291,SE1
98292,SE1
98299,SE1
98303,SE1
98321,SE1
98322,SE1
98325,SE1
98331,SE1
98332,SE1
98333,SE1
98334,SE1
98335,SE1
98336,SE1
98341,SE1
98381,SE1
98401,SE1
98420,SE1
98421,SE1
98422,SE1
98423,SE1
98431,SE1
98432,SE1
98485,SE1
98491,SE1
98492,SE1
98494,SE1
98495,SE1
98499,SE1
